usa_symbol	usa_address	ita_address	confidence	status	structural_score	length_score	raw_similarity	direct_score	sequence_score	neighbor_score	candidate_margin	propagation_support	direct_evidence	propagated_evidence	chain_dependency	suspicious	pass1_address	pass1_status	final_score
_TrainerNameText	0x4045	0x4045	1.000	EXACT	1.000	1.000	1.000	1.000	1.000	1.000	0.000	3	DIRECT	NONE	NO	NO		UNMATCHED	0.000
_NoNibbleText	0x404D	0x404D	0.842	MEDIUM_CONFIDENCE	0.800	0.645	0.150	0.794	0.984	0.977	0.321	1	DIRECT	BOUNDED	NO	EXPECTED_DRIFT	0x404D	AMBIGUOUS	0.794
_NothingHereText	0x4061	0x406C	0.930	HIGH_CONFIDENCE	0.857	0.943	0.156	0.885	0.817	0.908	0.885	2	DIRECT	BOUNDED	YES	POSSIBLE_INSERTION	0x406C	AMBIGUOUS	0.885
_ItsABiteText	0x4082	0x408F	0.880	MEDIUM_CONFIDENCE	0.889	0.810	0.294	0.880	0.838	0.000	0.032	0	DIRECT	NONE	NO	POSSIBLE_INSERTION	0x408F	MEDIUM_CONFIDENCE	0.880
_ExclamationText	0x4093	0x40A4	1.000	HIGH_CONFIDENCE	1.000	1.000	1.000	1.000	0.785	0.993	1.000	2	DIRECT	BOUNDED	YES	POSSIBLE_INSERTION	0x40A4	AMBIGUOUS	1.000
_GroundRoseText	0x4096	0x40A7	0.689	MEDIUM_CONFIDENCE	0.571	0.600	0.037	0.639	0.791	0.995	0.639	2	DIRECT	BOUNDED	NO	EXPECTED_DRIFT	0x40A7	AMBIGUOUS	0.639
_BoulderText	0x40B1	0x40D4	0.846	MEDIUM_CONFIDENCE	0.800	0.750	0.156	0.799	0.454	0.947	0.799	2	DIRECT	BOUNDED	NO	POSSIBLE_INSERTION	0x40D4	AMBIGUOUS	0.799
_MartSignText	0x40D2	0x4100	0.853	MEDIUM_CONFIDENCE	0.778	0.857	0.156	0.804	0.280	0.976	0.804	2	DIRECT	BOUNDED	NO	POSSIBLE_INSERTION	0x4100	AMBIGUOUS	0.804
_PokeCenterSignText	0x40FC	0x4131	0.855	MEDIUM_CONFIDENCE	0.778	0.806	0.207	0.806	0.211	0.985	0.806	2	DIRECT	BOUNDED	NO	POSSIBLE_INSERTION	0x4131	AMBIGUOUS	0.806
_FoundItemText	0x4119	0x4155	0.753	MEDIUM_CONFIDENCE	0.800	0.765	0.538	0.753	0.116	0.000	0.087	0	DIRECT	NONE	NO	POSSIBLE_INSERTION	0x4155	MEDIUM_CONFIDENCE	0.753
_NoMoreRoomForItemText	0x412A	0x4166	0.852	MEDIUM_CONFIDENCE	0.857	0.610	0.160	0.802	0.150	0.999	0.468	2	DIRECT	BOUNDED	NO	EXPECTED_DRIFT	0x4166	AMBIGUOUS	0.802
_OaksAideHiText	0x4143	0x418F	0.368	AMBIGUOUS	0.357	0.491	0.125	0.368	0.000	0.000	0.047	0	DIRECT	NONE	NO	POSSIBLE_INSERTION	0x418F	AMBIGUOUS	0.368
_OaksAideUhOhText	0x41E4	0x41DE	0.426	AMBIGUOUS	0.513	0.250	0.037	0.426	0.055	0.000	0.015	0	DIRECT	NONE	NO	SUSPICIOUS_MAPPING	0x41DE	AMBIGUOUS	0.426
_OaksAideComeBackText	0x4250	0x4277	0.484	AMBIGUOUS	0.560	0.333	0.100	0.484	0.817	0.000	0.028	0	DIRECT	NONE	NO	POSSIBLE_INSERTION	0x4277	AMBIGUOUS	0.484
_OaksAideHereYouGoText	0x428C	0x42F0	0.706	MEDIUM_CONFIDENCE	0.621	0.779	0.062	0.658	0.000	0.967	0.206	2	DIRECT	BOUNDED	NO	SUSPICIOUS_MAPPING	0x42F0	AMBIGUOUS	0.658
_OaksAideGotItemText	0x42D9	0x432C	0.752	MEDIUM_CONFIDENCE	0.750	0.737	0.214	0.704	0.498	0.957	0.263	2	DIRECT	BOUNDED	NO	POSSIBLE_DELETION	0x432C	AMBIGUOUS	0.704
_OaksAideNoRoomText	0x42EC	0x433E	0.810	MEDIUM_CONFIDENCE	0.846	0.776	0.062	0.761	0.557	0.995	0.483	2	DIRECT	BOUNDED	NO	POSSIBLE_DELETION	0x433E	AMBIGUOUS	0.761
_ViridianForestYoungster1Text	0x431D	0x4367	0.859	MEDIUM_CONFIDENCE	0.720	0.967	0.062	0.811	0.827	0.964	0.451	2	DIRECT	BOUNDED	NO	POSSIBLE_DELETION	0x4367	AMBIGUOUS	0.811
_ViridianForestYoungster2BattleText	0x4359	0x43A1	0.903	MEDIUM_CONFIDENCE	0.800	0.957	0.094	0.854	0.988	0.970	0.854	2	DIRECT	BOUNDED	NO	POSSIBLE_DELETION	0x43A1	AMBIGUOUS	0.854
_ViridianForestYoungster2EndBattleText	0x4387	0x43CD	0.899	MEDIUM_CONFIDENCE	0.833	0.844	0.148	0.852	0.878	0.955	0.852	2	DIRECT	BOUNDED	NO	POSSIBLE_DELETION	0x43CD	AMBIGUOUS	0.852
_ViridianForestYoungster2AfterBattleText	0x43A2	0x43ED	0.881	MEDIUM_CONFIDENCE	0.875	0.702	0.188	0.831	0.933	0.998	0.831	2	DIRECT	BOUNDED	NO	POSSIBLE_INSERTION	0x43ED	AMBIGUOUS	0.831
_ViridianForestYoungster3BattleText	0x43C3	0x441C	0.890	MEDIUM_CONFIDENCE	0.818	0.959	0.062	0.844	0.828	0.923	0.844	2	DIRECT	BOUNDED	NO	POSSIBLE_INSERTION	0x441C	AMBIGUOUS	0.844
_ViridianForestYoungster3EndBattleText	0x43F2	0x444D	0.783	MEDIUM_CONFIDENCE	0.750	0.833	0.120	0.783	0.877	0.000	0.039	0	DIRECT	NONE	NO	POSSIBLE_INSERTION	0x444D	MEDIUM_CONFIDENCE	0.783
_ViridianForestYoungster3AfterBattleText	0x440B	0x446B	0.886	MEDIUM_CONFIDENCE	0.750	0.978	0.281	0.836	0.818	0.996	0.836	2	DIRECT	BOUNDED	NO	POSSIBLE_INSERTION	0x446B	AMBIGUOUS	0.836
_ViridianForestYoungster4BattleText	0x4438	0x4497	0.963	HIGH_CONFIDENCE	0.923	0.914	0.094	0.913	0.928	0.989	0.913	2	DIRECT	BOUNDED	YES	POSSIBLE_DELETION	0x4497	AMBIGUOUS	0.913
_ViridianForestYoungster4EndBattleText	0x4458	0x44BA	0.997	HIGH_CONFIDENCE	1.000	0.879	0.034	0.947	0.926	0.998	0.947	2	DIRECT	BOUNDED	YES	POSSIBLE_INSERTION	0x44BA	AMBIGUOUS	0.947
_ViridianForestYoungster4AfterBattleText	0x4475	0x44DB	0.916	HIGH_CONFIDENCE	0.839	0.963	0.031	0.866	0.896	0.999	0.866	2	DIRECT	BOUNDED	YES	POSSIBLE_INSERTION	0x44DB	AMBIGUOUS	0.866
_ViridianForestYoungster5Text	0x44C7	0x452A	0.822	MEDIUM_CONFIDENCE	0.743	0.744	0.062	0.773	0.878	0.967	0.773	2	DIRECT	BOUNDED	NO	POSSIBLE_DELETION	0x452A	AMBIGUOUS	0.773
_ViridianForestTrainerTips1Text	0x450A	0x4584	0.923	HIGH_CONFIDENCE	0.880	0.890	0.062	0.875	0.755	0.960	0.875	2	DIRECT	BOUNDED	YES	POSSIBLE_INSERTION	0x4584	AMBIGUOUS	0.875
_ViridianForestUseAntidoteSignText	0x4553	0x45C5	0.867	MEDIUM_CONFIDENCE	0.818	0.790	0.062	0.821	0.928	0.926	0.821	2	DIRECT	BOUNDED	NO	POSSIBLE_DELETION	0x45C5	AMBIGUOUS	0.821
_ViridianForestTrainerTips2Text	0x4584	0x4603	0.894	MEDIUM_CONFIDENCE	0.857	0.825	0.062	0.845	0.887	0.989	0.845	2	DIRECT	BOUNDED	NO	POSSIBLE_INSERTION	0x4603	AMBIGUOUS	0.845
_ViridianForestTrainerTips3Text	0x45C6	0x4653	0.899	MEDIUM_CONFIDENCE	0.903	0.917	0.156	0.899	0.713	0.000	0.035	0	DIRECT	NONE	NO	POSSIBLE_INSERTION	0x4653	MEDIUM_CONFIDENCE	0.899
_ViridianForestTrainerTips4Text	0x4613	0x46A7	0.847	MEDIUM_CONFIDENCE	0.733	0.894	0.031	0.797	0.713	0.994	0.797	2	DIRECT	BOUNDED	NO	POSSIBLE_INSERTION	0x46A7	AMBIGUOUS	0.797
_ViridianForestLeavingSignText	0x4667	0x4705	0.654	MEDIUM_CONFIDENCE	0.571	0.717	0.094	0.654	0.661	0.000	0.040	0	DIRECT	NONE	NO	POSSIBLE_INSERTION	0x4705	MEDIUM_CONFIDENCE	0.654
_MtMoon1FHikerBattleText	0x4692	0x4741	0.951	HIGH_CONFIDENCE	0.900	0.938	0.062	0.904	0.377	0.933	0.904	2	DIRECT	BOUNDED	YES	POSSIBLE_INSERTION	0x4741	AMBIGUOUS	0.904
_MtMoon1FHikerEndBattleText	0x46BF	0x4771	0.738	MEDIUM_CONFIDENCE	0.727	0.618	0.333	0.738	0.401	0.000	0.033	0	DIRECT	NONE	NO	POSSIBLE_INSERTION	0x4771	MEDIUM_CONFIDENCE	0.738
_MtMoon1FHikerAfterBattleText	0x46D4	0x4793	0.924	HIGH_CONFIDENCE	0.857	1.000	0.156	0.880	0.160	0.881	0.880	2	DIRECT	BOUNDED	YES	POSSIBLE_INSERTION	0x4793	AMBIGUOUS	0.880
_MtMoon1FYoungster1BattleText	0x46F5	0x47B4	0.922	MEDIUM_CONFIDENCE	0.923	0.967	0.034	0.922	0.225	0.000	0.035	0	DIRECT	NONE	NO	EXPECTED_DRIFT	0x47B4	MEDIUM_CONFIDENCE	0.922
_MtMoon1FYoungster1EndBattleText	0x4713	0x47D1	0.921	HIGH_CONFIDENCE	0.857	0.889	0.062	0.871	0.306	0.990	0.871	2	DIRECT	BOUNDED	YES	POSSIBLE_DELETION	0x47D1	AMBIGUOUS	0.871
_MtMoon1FYoungster1AfterBattleText	0x4723	0x47E3	0.931	HIGH_CONFIDENCE	0.889	0.925	0.125	0.882	0.294	0.994	0.882	2	DIRECT	BOUNDED	YES	POSSIBLE_INSERTION	0x47E3	AMBIGUOUS	0.882
_MtMoon1FCooltrainerF1BattleText	0x474B	0x4808	0.939	HIGH_CONFIDENCE	0.842	1.000	0.250	0.891	0.437	0.974	0.891	2	DIRECT	BOUNDED	YES	POSSIBLE_DELETION	0x4808	AMBIGUOUS	0.891
_MtMoon1FCooltrainerF1EndBattleText	0x4778	0x4835	0.892	MEDIUM_CONFIDENCE	0.800	0.889	0.188	0.843	0.526	0.975	0.843	2	DIRECT	BOUNDED	NO	EXPECTED_DRIFT	0x4835	AMBIGUOUS	0.843
_MtMoon1FCooltrainerF1AfterBattleText	0x4788	0x4847	0.896	MEDIUM_CONFIDENCE	0.857	0.759	0.091	0.846	0.514	0.999	0.846	2	DIRECT	BOUNDED	NO	POSSIBLE_INSERTION	0x4847	AMBIGUOUS	0.846
_MtMoon1FSuperNerdBattleText	0x47A5	0x485D	0.858	MEDIUM_CONFIDENCE	0.727	0.964	0.037	0.814	0.722	0.875	0.814	2	DIRECT	BOUNDED	NO	POSSIBLE_DELETION	0x485D	AMBIGUOUS	0.814
_MtMoon1FSuperNerdEndBattleText	0x47C1	0x4878	0.794	MEDIUM_CONFIDENCE	0.800	0.514	0.056	0.753	0.799	0.827	0.753	2	DIRECT	BOUNDED	NO	POSSIBLE_DELETION	0x4878	AMBIGUOUS	0.753
_MtMoon1FSuperNerdAfterBattleText	0x47D3	0x489B	0.700	MEDIUM_CONFIDENCE	0.533	0.969	0.129	0.700	0.466	0.000	0.044	0	DIRECT	NONE	NO	SUSPICIOUS_MAPPING	0x489B	MEDIUM_CONFIDENCE	0.700
_MtMoon1FCooltrainerF2BattleText	0x47F2	0x48BB	0.898	MEDIUM_CONFIDENCE	0.842	0.820	0.125	0.851	0.505	0.944	0.851	2	DIRECT	BOUNDED	NO	POSSIBLE_INSERTION	0x48BB	AMBIGUOUS	0.851
_MtMoon1FCooltrainerF2EndBattleText	0x4824	0x48E4	0.937	HIGH_CONFIDENCE	1.000	0.818	0.111	0.937	0.799	0.000	0.122	0	DIRECT	NONE	YES	POSSIBLE_DELETION	0x48E4	HIGH_CONFIDENCE	0.937
_MtMoon1FCooltrainerF2AfterBattleText	0x482D	0x48EF	0.989	HIGH_CONFIDENCE	0.952	0.960	0.125	0.940	0.773	0.984	0.940	2	DIRECT	BOUNDED	YES	POSSIBLE_INSERTION	0x48EF	AMBIGUOUS	0.940
_MtMoon1FYoungster2BattleText	0x485D	0x4921	0.962	HIGH_CONFIDENCE	0.900	0.980	0.062	0.913	0.824	0.985	0.913	2	DIRECT	BOUNDED	YES	POSSIBLE_INSERTION	0x4921	AMBIGUOUS	0.913
_MtMoon1FYoungster2EndBattleText	0x488E	0x4951	0.832	MEDIUM_CONFIDENCE	0.889	0.591	0.154	0.832	0.942	0.000	0.034	0	DIRECT	NONE	NO	POSSIBLE_DELETION	0x4951	MEDIUM_CONFIDENCE	0.832
_MtMoon1FYoungster2AfterBattleText	0x489B	0x4967	0.974	HIGH_CONFIDENCE	0.952	0.902	0.062	0.926	0.772	0.964	0.926	1	DIRECT	BOUNDED	YES	POSSIBLE_INSERTION	0x4967	AMBIGUOUS	0.926
_MtMoon1FYoungster3BattleText	0x48C9	0x499A	0.989	HIGH_CONFIDENCE	0.947	0.979	0.094	0.940	0.754	0.983	0.940	1	DIRECT	BOUNDED	YES	POSSIBLE_INSERTION	0x499A	AMBIGUOUS	0.940
_MtMoon1FYoungster3EndBattleText	0x48F8	0x49CA	0.865	MEDIUM_CONFIDENCE	0.857	0.600	0.111	0.815	0.825	0.998	0.815	1	DIRECT	BOUNDED	NO	POSSIBLE_INSERTION	0x49CA	AMBIGUOUS	0.815
_MtMoon1FYoungster3AfterBattleText	0x4901	0x49D9	0.924	HIGH_CONFIDENCE	0.870	0.912	0.250	0.877	0.713	0.941	0.877	1	DIRECT	BOUNDED	YES	POSSIBLE_INSERTION	0x49D9	AMBIGUOUS	0.877
_MtMoon1FBewareZubatSign	0x493A	0x4A0D	0.978	HIGH_CONFIDENCE	0.923	1.000	0.062	0.930	0.933	0.978	0.930	1	DIRECT	BOUNDED	YES	POSSIBLE_DELETION	0x4A0D	AMBIGUOUS	0.930
_MtMoonB1FUnusedText	0x495C	0x4A2F	1.000	EXACT	1.000	1.000	1.000	1.000	1.000	1.000	0.000	3	DIRECT	NONE	NO	NO		UNMATCHED	0.000
_MtMoonB2FDomeFossilYouWantText	0x495E	0x4A31	0.779	MEDIUM_CONFIDENCE	0.667	0.704	0.053	0.729	0.996	1.000	0.729	1	DIRECT	BOUNDED	NO	EXPECTED_DRIFT	0x4A31	AMBIGUOUS	0.729
_MtMoonB2FHelixFossilYouWantText	0x4979	0x4A44	0.781	MEDIUM_CONFIDENCE	0.667	0.714	0.100	0.733	0.772	0.960	0.733	2	DIRECT	BOUNDED	NO	POSSIBLE_DELETION	0x4A44	AMBIGUOUS	0.733
_MtMoonB2FReceivedFossilText	0x4995	0x4A58	0.758	MEDIUM_CONFIDENCE	0.750	0.737	0.214	0.710	0.546	0.949	0.264	2	DIRECT	BOUNDED	NO	POSSIBLE_DELETION	0x4A58	AMBIGUOUS	0.710
_MtMoonB2FYouHaveNoRoomText	0x49A8	0x4A6A	0.923	HIGH_CONFIDENCE	0.824	1.000	0.031	0.874	0.489	0.979	0.349	2	DIRECT	BOUNDED	YES	POSSIBLE_DELETION	0x4A6A	AMBIGUOUS	0.874
_MtMoonB2FSuperNerdTheyreBothMineText	0x49CC	0x4A8E	0.886	MEDIUM_CONFIDENCE	0.833	0.779	0.125	0.838	0.422	0.961	0.838	2	DIRECT	BOUNDED	NO	EXPECTED_DRIFT	0x4A8E	AMBIGUOUS	0.838
_MtMoonB2FSuperNerdOkIllShareText	0x4A01	0x4AD2	0.888	MEDIUM_CONFIDENCE	0.889	0.640	0.062	0.839	0.650	0.984	0.839	2	DIRECT	BOUNDED	NO	POSSIBLE_INSERTION	0x4AD2	AMBIGUOUS	0.839
_MtMoonB2fSuperNerdEachTakeOneText	0x4A11	0x4AEB	0.938	HIGH_CONFIDENCE	0.875	0.950	0.031	0.892	0.815	0.912	0.892	2	DIRECT	BOUNDED	YES	POSSIBLE_INSERTION	0x4AEB	AMBIGUOUS	0.892
_MtMoonB2FSuperNerdTheresAPokemonLabText	0x4A37	0x4B13	0.791	MEDIUM_CONFIDENCE	0.750	0.870	0.031	0.791	0.788	0.000	0.047	0	DIRECT	NONE	NO	POSSIBLE_INSERTION	0x4B13	MEDIUM_CONFIDENCE	0.791
_MtMoonB2FSuperNerdThenThisIsMineText	0x4A93	0x4B63	0.968	HIGH_CONFIDENCE	0.933	0.906	0.138	0.919	0.356	0.992	0.919	2	DIRECT	BOUNDED	YES	POSSIBLE_DELETION	0x4B63	AMBIGUOUS	0.919
_MtMoonB2FRocket1BattleText	0x4AB3	0x4B80	0.889	MEDIUM_CONFIDENCE	0.889	0.882	0.406	0.889	0.232	0.000	0.059	0	DIRECT	NONE	NO	POSSIBLE_DELETION	0x4B80	MEDIUM_CONFIDENCE	0.889
_MtMoonB2FRocket1EndBattleText	0x4AF6	0x4BCC	0.947	HIGH_CONFIDENCE	0.889	0.905	0.263	0.898	0.303	0.995	0.898	2	DIRECT	BOUNDED	YES	POSSIBLE_INSERTION	0x4BCC	AMBIGUOUS	0.898
_MtMoonB2FRocket1AfterBattleText	0x4B09	0x4BE1	0.899	MEDIUM_CONFIDENCE	0.857	0.833	0.062	0.849	0.311	0.999	0.849	2	DIRECT	BOUNDED	NO	POSSIBLE_INSERTION	0x4BE1	AMBIGUOUS	0.849
_MtMoonB2FRocket2BattleText	0x4B3B	0x4C1D	0.848	MEDIUM_CONFIDENCE	0.778	0.826	0.188	0.799	0.435	0.984	0.799	2	DIRECT	BOUNDED	NO	POSSIBLE_INSERTION	0x4C1D	AMBIGUOUS	0.799
_MtMoonB2FRocket2EndBattleText	0x4B61	0x4C4B	0.752	MEDIUM_CONFIDENCE	0.667	0.571	0.083	0.703	0.538	0.980	0.703	2	DIRECT	BOUNDED	NO	POSSIBLE_INSERTION	0x4C4B	AMBIGUOUS	0.703
_MtMoonB2FRocket2AfterBattleText	0x4B6D	0x4C60	0.914	HIGH_CONFIDENCE	0.824	0.939	0.188	0.866	0.711	0.963	0.866	2	DIRECT	BOUNDED	YES	POSSIBLE_INSERTION	0x4C60	AMBIGUOUS	0.866
_MtMoonB2FRocket3BattleText	0x4B9E	0x4C8E	0.934	HIGH_CONFIDENCE	0.889	0.865	0.094	0.885	0.555	0.984	0.885	2	DIRECT	BOUNDED	YES	POSSIBLE_DELETION	0x4C8E	AMBIGUOUS	0.885
_MtMoonB2FRocket3EndBattleText	0x4BCB	0x4CC2	0.960	HIGH_CONFIDENCE	0.889	1.000	0.105	0.912	0.623	0.963	0.912	2	DIRECT	BOUNDED	YES	POSSIBLE_INSERTION	0x4CC2	AMBIGUOUS	0.912
_MtMoonB2FRocket3AfterBattleText	0x4BDE	0x4CD5	0.879	MEDIUM_CONFIDENCE	0.800	0.833	0.094	0.829	0.588	0.995	0.829	2	DIRECT	BOUNDED	NO	EXPECTED_DRIFT	0x4CD5	AMBIGUOUS	0.829
_MtMoonB2FRocket4BattleText	0x4C0E	0x4CFD	0.929	HIGH_CONFIDENCE	0.875	0.896	0.062	0.882	0.325	0.927	0.882	2	DIRECT	BOUNDED	YES	POSSIBLE_DELETION	0x4CFD	AMBIGUOUS	0.882
_MtMoonB2FRocket4EndBattleText	0x4C39	0x4D2D	0.804	MEDIUM_CONFIDENCE	0.857	0.542	0.154	0.804	0.354	0.000	0.036	0	DIRECT	NONE	NO	POSSIBLE_INSERTION	0x4D2D	MEDIUM_CONFIDENCE	0.804
_MtMoonB2FRocket4AfterBattleText	0x4C46	0x4D45	0.950	HIGH_CONFIDENCE	0.889	0.955	0.094	0.903	0.569	0.950	0.903	2	DIRECT	BOUNDED	YES	POSSIBLE_INSERTION	0x4D45	AMBIGUOUS	0.903
_SSAnne1FWaiterText	0x4C70	0x4D71	0.820	MEDIUM_CONFIDENCE	0.638	0.952	0.281	0.770	0.534	0.999	0.770	2	DIRECT	BOUNDED	NO	POSSIBLE_INSERTION	0x4D71	AMBIGUOUS	0.770
_SSAnne1FSailorText	0x4CE6	0x4DED	0.840	MEDIUM_CONFIDENCE	0.769	0.975	0.062	0.840	0.445	0.000	0.032	0	DIRECT	NONE	NO	POSSIBLE_INSERTION	0x4DED	MEDIUM_CONFIDENCE	0.840
_SSAnne2FWaiterText	0x4D34	0x4E3D	0.749	MEDIUM_CONFIDENCE	0.632	0.927	0.125	0.749	0.343	0.000	0.036	0	DIRECT	NONE	NO	POSSIBLE_INSERTION	0x4E3D	MEDIUM_CONFIDENCE	0.749
_SSAnne2FRivalText	0x4D9A	0x4EAB	0.841	MEDIUM_CONFIDENCE	0.769	0.995	0.188	0.841	0.327	0.000	0.110	0	DIRECT	NONE	NO	POSSIBLE_INSERTION	0x4EAB	MEDIUM_CONFIDENCE	0.841
_SSAnne2FRivalDefeatedText	0x4E57	0x4F67	0.873	HIGH_CONFIDENCE	0.842	0.933	0.094	0.873	0.000	0.000	0.088	0	DIRECT	NONE	YES	POSSIBLE_DELETION	0x4F67	HIGH_CONFIDENCE	0.873
_SSAnne2FRivalVictoryText	0x4E81	0x4F94	0.887	MEDIUM_CONFIDENCE	0.846	0.791	0.156	0.839	0.000	0.960	0.839	2	DIRECT	BOUNDED	NO	POSSIBLE_INSERTION	0x4F94	AMBIGUOUS	0.839
_SSAnne2FRivalCutMasterText	0x4EB6	0x4FD7	0.870	MEDIUM_CONFIDENCE	0.853	0.925	0.188	0.870	0.147	0.000	0.080	0	DIRECT	NONE	NO	POSSIBLE_INSERTION	0x4FD7	MEDIUM_CONFIDENCE	0.870
_SSAnne3FSailorText	0x4F4B	0x5078	0.899	MEDIUM_CONFIDENCE	0.867	0.803	0.031	0.849	0.130	0.987	0.849	2	DIRECT	BOUNDED	NO	POSSIBLE_INSERTION	0x5078	AMBIGUOUS	0.849
_SSAnneBowSuperNerdText	0x4F88	0x50C4	0.946	HIGH_CONFIDENCE	0.900	0.902	0.094	0.898	0.343	0.960	0.898	2	DIRECT	BOUNDED	YES	POSSIBLE_INSERTION	0x50C4	AMBIGUOUS	0.898
_SSAnneBowSailor1Text	0x4FBB	0x50F2	0.873	MEDIUM_CONFIDENCE	0.857	0.756	0.032	0.828	0.139	0.907	0.828	2	DIRECT	BOUNDED	NO	POSSIBLE_DELETION	0x50F2	AMBIGUOUS	0.828
_SSAnneBowCooltrainerMText	0x4FDA	0x511B	0.833	MEDIUM_CONFIDENCE	0.833	0.803	0.188	0.833	0.299	0.000	0.038	0	DIRECT	NONE	NO	POSSIBLE_INSERTION	0x511B	MEDIUM_CONFIDENCE	0.833
_SSAnneBowSailor2BattleText	0x500B	0x5158	0.851	MEDIUM_CONFIDENCE	0.714	0.941	0.062	0.803	0.469	0.956	0.803	2	DIRECT	BOUNDED	NO	POSSIBLE_INSERTION	0x5158	AMBIGUOUS	0.803
_SSAnneBowSailor2EndBattleText	0x502D	0x5178	0.986	HIGH_CONFIDENCE	1.000	0.826	0.053	0.937	0.362	0.988	0.937	2	DIRECT	BOUNDED	YES	POSSIBLE_DELETION	0x5178	AMBIGUOUS	0.937
_SSAnneBowSailor2AfterBattleText	0x5040	0x518F	0.913	HIGH_CONFIDENCE	0.857	0.854	0.094	0.865	0.414	0.968	0.865	2	DIRECT	BOUNDED	YES	POSSIBLE_INSERTION	0x518F	AMBIGUOUS	0.865
_SSAnneBowSailor3BattleText	0x5070	0x51B8	0.908	HIGH_CONFIDENCE	0.857	0.833	0.100	0.861	0.172	0.943	0.861	2	DIRECT	BOUNDED	YES	POSSIBLE_DELETION	0x51B8	AMBIGUOUS	0.861
_SSAnneBowSailor3EndBattleText	0x508E	0x51DC	0.939	HIGH_CONFIDENCE	0.889	0.909	0.050	0.892	0.247	0.934	0.892	2	DIRECT	BOUNDED	YES	POSSIBLE_INSERTION	0x51DC	AMBIGUOUS	0.892
_SSAnneBowSailor3AfterBattleText	0x50A4	0x51F0	0.879	MEDIUM_CONFIDENCE	0.882	0.890	0.094	0.879	0.162	0.000	0.041	0	DIRECT	NONE	NO	POSSIBLE_DELETION	0x51F0	MEDIUM_CONFIDENCE	0.879
_SSAnneKitchenCook1Text	0x50E5	0x5239	0.902	MEDIUM_CONFIDENCE	0.857	0.925	0.094	0.852	0.215	0.998	0.852	2	DIRECT	BOUNDED	NO	POSSIBLE_INSERTION	0x5239	AMBIGUOUS	0.852
_SSAnneKitchenCook2Text	0x5116	0x526E	0.859	MEDIUM_CONFIDENCE	0.824	0.733	0.188	0.809	0.211	0.998	0.809	2	DIRECT	BOUNDED	NO	POSSIBLE_INSERTION	0x526E	AMBIGUOUS	0.809
_SSAnneKitchenCook3Text	0x5137	0x529B	0.811	MEDIUM_CONFIDENCE	0.750	0.714	0.067	0.761	0.411	0.983	0.761	2	DIRECT	BOUNDED	NO	POSSIBLE_INSERTION	0x529B	AMBIGUOUS	0.761
_SSAnneKitchenCook4Text	0x5155	0x52C5	0.828	MEDIUM_CONFIDENCE	0.750	0.722	0.062	0.779	0.616	0.979	0.779	2	DIRECT	BOUNDED	NO	POSSIBLE_INSERTION	0x52C5	AMBIGUOUS	0.779
_SSAnneKitchenCook5Text	0x518E	0x5314	0.933	HIGH_CONFIDENCE	0.880	0.952	0.062	0.885	0.988	0.956	0.885	2	DIRECT	BOUNDED	YES	POSSIBLE_INSERTION	0x5314	AMBIGUOUS	0.885
_SSAnneKitchenCook6Text	0x51C9	0x5352	0.947	HIGH_CONFIDENCE	0.889	0.931	0.062	0.897	0.943	0.992	0.897	2	DIRECT	BOUNDED	YES	POSSIBLE_INSERTION	0x5352	AMBIGUOUS	0.897
_SSAnneKitchenCook7MainCourseIsText	0x5203	0x5388	0.339	UNMATCHED	0.340	0.197	0.094	0.339	0.748	0.000	0.045	0	DIRECT	NONE	NO	POSSIBLE_DELETION	0x5388	UNMATCHED	0.339
_SSAnneCaptainsRoomRubCaptainsBackText	0x52DD	0x5465	0.906	HIGH_CONFIDENCE	0.895	0.938	0.219	0.906	0.408	0.000	0.140	0	DIRECT	NONE	YES	POSSIBLE_INSERTION	0x5465	HIGH_CONFIDENCE	0.906
_SSAnneCaptainsRoomCaptainIFeelMuchBetterText	0x5347	0x54D6	0.666	MEDIUM_CONFIDENCE	0.482	0.912	0.188	0.666	0.363	0.000	0.039	0	DIRECT	NONE	NO	POSSIBLE_INSERTION	0x54D6	MEDIUM_CONFIDENCE	0.666
_SSAnneCaptainsRoomCaptainReceivedHM01Text	0x540D	0x55AF	0.741	MEDIUM_CONFIDENCE	0.750	0.882	0.267	0.741	0.407	0.000	0.036	0	DIRECT	NONE	NO	POSSIBLE_INSERTION	0x55AF	MEDIUM_CONFIDENCE	0.741
_SSAnneCaptainsRoomCaptainNotSickAnymoreText	0x541C	0x55C4	0.933	MEDIUM_CONFIDENCE	0.929	0.985	0.188	0.933	0.510	0.000	0.044	0	DIRECT	NONE	NO	POSSIBLE_INSERTION	0x55C4	MEDIUM_CONFIDENCE	0.933
_SSAnneCaptainsRoomCaptainHM01NoRoomText	0x545D	0x5606	0.935	HIGH_CONFIDENCE	0.875	0.914	0.062	0.886	0.411	0.982	0.886	2	DIRECT	BOUNDED	YES	POSSIBLE_INSERTION	0x5606	AMBIGUOUS	0.886
_SSAnneCaptainsRoomTrashText	0x5480	0x5626	0.943	HIGH_CONFIDENCE	0.909	0.853	0.172	0.896	0.281	0.952	0.896	2	DIRECT	BOUNDED	YES	POSSIBLE_DELETION	0x5626	AMBIGUOUS	0.896
_SSAnneCaptainsRoomSeasickBookText	0x549D	0x5648	0.863	MEDIUM_CONFIDENCE	0.762	0.853	0.125	0.813	0.335	1.000	0.813	2	DIRECT	BOUNDED	NO	POSSIBLE_INSERTION	0x5648	AMBIGUOUS	0.813
_SSAnne1FRoomsWigglytuffText	0x54D7	0x568C	0.991	MEDIUM_CONFIDENCE	1.000	1.000	0.692	0.991	0.445	0.000	0.043	0	DIRECT	NONE	NO	POSSIBLE_INSERTION	0x568C	MEDIUM_CONFIDENCE	0.991
_SSAnne1FRoomsGentleman1BattleText	0x54F1	0x56A6	0.937	HIGH_CONFIDENCE	0.867	0.938	0.094	0.887	0.396	0.987	0.887	2	DIRECT	BOUNDED	YES	EXPECTED_DRIFT	0x56A6	AMBIGUOUS	0.887
_SSAnne1FRoomsGentleman1EndBattleText	0x552E	0x56E7	0.821	MEDIUM_CONFIDENCE	0.800	0.792	0.105	0.821	0.370	0.000	0.047	0	DIRECT	NONE	NO	POSSIBLE_INSERTION	0x56E7	MEDIUM_CONFIDENCE	0.821
_SSAnne1FRoomsGentleman1AfterBattleText	0x5541	0x56FF	0.879	MEDIUM_CONFIDENCE	0.833	0.750	0.042	0.830	0.443	0.993	0.830	2	DIRECT	BOUNDED	NO	POSSIBLE_INSERTION	0x56FF	AMBIGUOUS	0.830
_SSAnne1FRoomsGentleman2BattleText	0x5561	0x5717	0.966	HIGH_CONFIDENCE	0.933	0.892	0.156	0.916	0.210	0.986	0.916	2	DIRECT	BOUNDED	YES	POSSIBLE_DELETION	0x5717	AMBIGUOUS	0.916
_SSAnne1FRoomsGentleman2EndBattleText	0x5582	0x573C	0.852	MEDIUM_CONFIDENCE	0.750	0.833	0.100	0.802	0.235	0.995	0.802	2	DIRECT	BOUNDED	NO	POSSIBLE_INSERTION	0x573C	AMBIGUOUS	0.802
_SSAnne1FRoomsGentleman2AfterBattleText	0x559A	0x5750	0.762	MEDIUM_CONFIDENCE	0.667	0.700	0.062	0.713	0.104	0.992	0.713	2	DIRECT	BOUNDED	NO	POSSIBLE_DELETION	0x5750	AMBIGUOUS	0.713
_SSAnne1FRoomsYoungsterBattleText	0x55BD	0x5782	0.895	MEDIUM_CONFIDENCE	0.800	0.917	0.091	0.846	0.365	0.973	0.846	2	DIRECT	BOUNDED	NO	POSSIBLE_INSERTION	0x5782	AMBIGUOUS	0.846
_SSAnne1FRoomsYoungsterEndBattleText	0x55D3	0x579A	0.908	MEDIUM_CONFIDENCE	0.800	0.952	0.250	0.858	0.367	0.996	0.858	2	DIRECT	BOUNDED	NO	POSSIBLE_INSERTION	0x579A	AMBIGUOUS	0.858
_SSAnne1FRoomsYoungsterAfterBattleText	0x55E7	0x57AF	0.900	MEDIUM_CONFIDENCE	0.783	0.981	0.125	0.850	0.352	0.998	0.850	2	DIRECT	BOUNDED	NO	POSSIBLE_INSERTION	0x57AF	AMBIGUOUS	0.850
_SSAnne1FRoomsCooltrainerFBattleText	0x561B	0x57E4	0.881	MEDIUM_CONFIDENCE	0.800	0.843	0.094	0.831	0.277	0.997	0.831	2	DIRECT	BOUNDED	NO	POSSIBLE_INSERTION	0x57E4	AMBIGUOUS	0.831
_SSAnne1FRoomsCooltrainerFEndBattleText	0x564E	0x580F	0.973	HIGH_CONFIDENCE	0.952	0.896	0.031	0.924	0.008	0.980	0.924	2	DIRECT	BOUNDED	YES	POSSIBLE_DELETION	0x580F	AMBIGUOUS	0.924
_SSAnne1FRoomsCooltrainerFAfterBattleText	0x5679	0x583F	0.876	MEDIUM_CONFIDENCE	0.812	0.795	0.281	0.827	0.037	0.987	0.827	2	DIRECT	BOUNDED	NO	POSSIBLE_INSERTION	0x583F	AMBIGUOUS	0.827
_SSAnne1FRoomsGirl1Text	0x56C7	0x587D	0.929	HIGH_CONFIDENCE	0.889	0.843	0.156	0.882	0.000	0.945	0.882	2	DIRECT	BOUNDED	YES	POSSIBLE_DELETION	0x587D	AMBIGUOUS	0.882
_SSAnne1FRoomsMiddleAgedManText	0x56F2	0x58B0	0.890	MEDIUM_CONFIDENCE	0.875	0.756	0.156	0.841	0.000	0.978	0.841	2	DIRECT	BOUNDED	NO	POSSIBLE_INSERTION	0x58B0	AMBIGUOUS	0.841
_SSAnne1FRoomsLittleGirlText	0x5714	0x58DD	0.958	HIGH_CONFIDENCE	0.909	0.941	0.094	0.911	0.000	0.945	0.911	2	DIRECT	BOUNDED	YES	POSSIBLE_INSERTION	0x58DD	AMBIGUOUS	0.911
_SSAnne1FRoomsGirl2Text	0x5736	0x58FD	1.000	HIGH_CONFIDENCE	1.000	0.946	0.062	0.961	0.000	0.992	0.961	2	DIRECT	BOUNDED	YES	POSSIBLE_DELETION	0x58FD	AMBIGUOUS	0.961
_SSAnne1FRoomsGentleman3Text	0x5759	0x5922	0.949	HIGH_CONFIDENCE	0.880	0.938	0.281	0.900	0.000	0.972	0.900	2	DIRECT	BOUNDED	YES	POSSIBLE_INSERTION	0x5922	AMBIGUOUS	0.900
_SSAnne2FRoomsGentleman3Text	0x5799	0x595E	0.864	MEDIUM_CONFIDENCE	0.821	0.946	0.125	0.864	0.000	0.000	0.039	0	DIRECT	NONE	NO	POSSIBLE_DELETION	0x595E	MEDIUM_CONFIDENCE	0.864
_SSAnne2FRoomsGentleman4Text	0x57F5	0x59B5	0.939	MEDIUM_CONFIDENCE	0.963	0.919	0.188	0.939	0.000	0.000	0.031	0	DIRECT	NONE	NO	POSSIBLE_DELETION	0x59B5	MEDIUM_CONFIDENCE	0.939
_SSAnne2FRoomsGrampsText	0x5833	0x59EE	0.817	MEDIUM_CONFIDENCE	0.706	0.846	0.031	0.767	0.000	0.993	0.767	2	DIRECT	BOUNDED	NO	POSSIBLE_DELETION	0x59EE	AMBIGUOUS	0.767
_SSAnne2FRoomsGentleman5Text	0x5854	0x5A15	0.931	HIGH_CONFIDENCE	0.857	0.905	0.281	0.881	0.000	0.997	0.881	2	DIRECT	BOUNDED	YES	POSSIBLE_INSERTION	0x5A15	AMBIGUOUS	0.881
_SSAnne2FRoomsLittleBoyText	0x58A8	0x5A61	0.956	HIGH_CONFIDENCE	0.900	0.941	0.125	0.907	0.000	0.988	0.907	2	DIRECT	BOUNDED	YES	POSSIBLE_DELETION	0x5A61	AMBIGUOUS	0.907
_SSAnne2FRoomsBrunetteGirlText	0x58DB	0x5A91	0.926	HIGH_CONFIDENCE	0.875	0.857	0.125	0.876	0.000	0.993	0.876	2	DIRECT	BOUNDED	YES	POSSIBLE_DELETION	0x5A91	AMBIGUOUS	0.876
_SSAnne2FRoomsBeautyText	0x5905	0x5AC2	0.822	MEDIUM_CONFIDENCE	0.750	0.767	0.062	0.772	0.000	0.996	0.772	2	DIRECT	BOUNDED	NO	POSSIBLE_INSERTION	0x5AC2	AMBIGUOUS	0.772
_SSAnne2FRoomsGentleman1BattleText	0x5926	0x5AED	0.978	HIGH_CONFIDENCE	0.941	0.938	0.094	0.928	0.000	0.992	0.928	2	DIRECT	BOUNDED	YES	POSSIBLE_INSERTION	0x5AED	AMBIGUOUS	0.928
_SSAnne2FRoomsGentleman1EndBattleText	0x5956	0x5B1A	0.938	HIGH_CONFIDENCE	0.857	0.973	0.094	0.889	0.000	0.993	0.889	2	DIRECT	BOUNDED	YES	POSSIBLE_DELETION	0x5B1A	AMBIGUOUS	0.889
_SSAnne2FRoomsGentleman1AfterBattleText	0x597B	0x5B3E	0.910	HIGH_CONFIDENCE	0.857	0.818	0.185	0.861	0.000	0.995	0.861	2	DIRECT	BOUNDED	YES	POSSIBLE_DELETION	0x5B3E	AMBIGUOUS	0.861
_SSAnne2FRoomsFisherBattleText	0x599C	0x5B59	0.903	MEDIUM_CONFIDENCE	0.833	0.862	0.080	0.853	0.000	0.989	0.853	2	DIRECT	BOUNDED	NO	POSSIBLE_DELETION	0x5B59	AMBIGUOUS	0.853
_SSAnne2FRoomsFisherEndBattleText	0x59B9	0x5B72	0.880	MEDIUM_CONFIDENCE	0.857	0.684	0.077	0.831	0.000	0.991	0.831	2	DIRECT	BOUNDED	NO	POSSIBLE_DELETION	0x5B72	AMBIGUOUS	0.831
_SSAnne2FRoomsFisherAfterBattleText	0x59C6	0x5B85	0.951	HIGH_CONFIDENCE	0.909	0.900	0.031	0.901	0.000	0.994	0.901	2	DIRECT	BOUNDED	YES	POSSIBLE_INSERTION	0x5B85	AMBIGUOUS	0.901
_SSAnne2FRoomsGentleman2BattleText	0x59FC	0x5BC1	0.847	MEDIUM_CONFIDENCE	0.727	0.978	0.062	0.797	0.000	0.999	0.797	2	DIRECT	BOUNDED	NO	POSSIBLE_INSERTION	0x5BC1	AMBIGUOUS	0.797
_SSAnne2FRoomsGentleman2EndBattleText	0x5A29	0x5BED	0.963	HIGH_CONFIDENCE	0.889	1.000	0.150	0.913	0.000	0.992	0.913	2	DIRECT	BOUNDED	YES	POSSIBLE_DELETION	0x5BED	AMBIGUOUS	0.913
_SSAnne2FRoomsGentleman2AfterBattleText	0x5A3D	0x5C01	0.922	HIGH_CONFIDENCE	0.857	0.970	0.094	0.872	0.000	0.996	0.872	2	DIRECT	BOUNDED	YES	EXPECTED_DRIFT	0x5C01	AMBIGUOUS	0.872
_SSAnne2FRoomsCooltrainerFBattleText	0x5A5D	0x5C22	1.000	HIGH_CONFIDENCE	1.000	0.939	0.097	0.961	0.000	0.995	0.961	2	DIRECT	BOUNDED	YES	POSSIBLE_INSERTION	0x5C22	AMBIGUOUS	0.961
_SSAnne2FRoomsCooltrainerFEndBattleText	0x5A7C	0x5C43	1.000	HIGH_CONFIDENCE	1.000	1.000	0.333	0.980	0.000	0.997	0.980	2	DIRECT	BOUNDED	YES	POSSIBLE_INSERTION	0x5C43	AMBIGUOUS	0.980
_SSAnne2FRoomsCooltrainerFAfterBattleText	0x5A8B	0x5C52	0.940	HIGH_CONFIDENCE	0.875	0.912	0.226	0.890	0.000	0.996	0.890	2	DIRECT	BOUNDED	YES	EXPECTED_DRIFT	0x5C52	AMBIGUOUS	0.890
_SSAnneB1FRoomsMachokeText	0x5AAA	0x5C74	1.000	HIGH_CONFIDENCE	1.000	0.920	0.565	0.971	0.000	0.998	0.971	2	DIRECT	BOUNDED	YES	POSSIBLE_INSERTION	0x5C74	AMBIGUOUS	0.971
_SSAnneB1FRoomsSailor1BattleText	0x5AC3	0x5C8B	0.963	HIGH_CONFIDENCE	0.947	0.846	0.094	0.913	0.000	0.989	0.913	2	DIRECT	BOUNDED	YES	POSSIBLE_DELETION	0x5C8B	AMBIGUOUS	0.913
_SSAnneB1FRoomsSailor1EndBattleText	0x5AF7	0x5CB7	0.922	HIGH_CONFIDENCE	0.909	0.839	0.077	0.874	0.000	0.966	0.874	2	DIRECT	BOUNDED	YES	POSSIBLE_DELETION	0x5CB7	AMBIGUOUS	0.874
_SSAnneB1FRoomsSailor1AfterBattleText	0x5B11	0x5CD6	0.937	HIGH_CONFIDENCE	0.857	0.971	0.062	0.887	0.000	1.000	0.887	2	DIRECT	BOUNDED	YES	POSSIBLE_INSERTION	0x5CD6	AMBIGUOUS	0.887
_SSAnneB1FRoomsSailor2BattleText	0x5B33	0x5CF7	0.880	MEDIUM_CONFIDENCE	0.875	0.721	0.065	0.831	0.000	0.980	0.831	2	DIRECT	BOUNDED	NO	POSSIBLE_DELETION	0x5CF7	AMBIGUOUS	0.831
_SSAnneB1FRoomsSailor2EndBattleText	0x5B52	0x5D22	0.763	MEDIUM_CONFIDENCE	0.714	0.579	0.045	0.714	0.000	0.985	0.714	2	DIRECT	BOUNDED	NO	POSSIBLE_INSERTION	0x5D22	AMBIGUOUS	0.714
_SSAnneB1FRoomsSailor2AfterBattleText	0x5B68	0x5D48	0.943	HIGH_CONFIDENCE	0.889	0.918	0.062	0.894	0.000	0.962	0.894	2	DIRECT	BOUNDED	YES	POSSIBLE_INSERTION	0x5D48	AMBIGUOUS	0.894
_SSAnneB1FRoomsSailor3BattleText	0x5B99	0x5D75	0.905	MEDIUM_CONFIDENCE	0.857	0.818	0.074	0.857	0.000	0.959	0.857	2	DIRECT	BOUNDED	NO	POSSIBLE_DELETION	0x5D75	AMBIGUOUS	0.857
_SSAnneB1FRoomsSailor3EndBattleText	0x5BB4	0x5D96	0.957	HIGH_CONFIDENCE	0.909	0.913	0.143	0.907	0.000	0.998	0.907	2	DIRECT	BOUNDED	YES	POSSIBLE_INSERTION	0x5D96	AMBIGUOUS	0.907
_SSAnneB1FRoomsSailor3AfterBattleText	0x5BC9	0x5DAD	0.850	MEDIUM_CONFIDENCE	0.762	0.894	0.094	0.801	0.000	0.988	0.801	2	DIRECT	BOUNDED	NO	POSSIBLE_INSERTION	0x5DAD	AMBIGUOUS	0.801
_SSAnneB1FRoomsSailor4BattleText	0x5BF3	0x5DDC	0.862	MEDIUM_CONFIDENCE	0.824	0.756	0.032	0.814	0.000	0.975	0.814	2	DIRECT	BOUNDED	NO	POSSIBLE_INSERTION	0x5DDC	AMBIGUOUS	0.814
_SSAnneB1FRoomsSailor4EndBattleText	0x5C12	0x5E05	0.938	HIGH_CONFIDENCE	0.889	0.889	0.062	0.889	0.000	0.985	0.889	2	DIRECT	BOUNDED	YES	POSSIBLE_INSERTION	0x5E05	AMBIGUOUS	0.889
_SSAnneB1FRoomsSailor4AfterBattleText	0x5C22	0x5E17	0.904	MEDIUM_CONFIDENCE	0.880	0.787	0.094	0.855	0.000	0.978	0.855	2	DIRECT	BOUNDED	NO	POSSIBLE_INSERTION	0x5E17	AMBIGUOUS	0.855
_SSAnneB1FRoomsSailor5BattleText	0x5C52	0x5E54	0.872	MEDIUM_CONFIDENCE	0.842	0.938	0.031	0.872	0.000	0.000	0.032	0	DIRECT	NONE	NO	POSSIBLE_INSERTION	0x5E54	MEDIUM_CONFIDENCE	0.872
_SSAnneB1FRoomsSailor5EndBattleText	0x5C7F	0x5E84	0.949	HIGH_CONFIDENCE	0.909	0.889	0.042	0.899	0.000	0.996	0.899	2	DIRECT	BOUNDED	YES	POSSIBLE_INSERTION	0x5E84	AMBIGUOUS	0.899
_SSAnneB1FRoomsSailor5AfterBattleText	0x5C97	0x5E9F	0.929	HIGH_CONFIDENCE	0.875	0.886	0.031	0.879	0.000	0.986	0.879	2	DIRECT	BOUNDED	YES	POSSIBLE_INSERTION	0x5E9F	AMBIGUOUS	0.879
_SSAnneB1FRoomsFisherBattleText	0x5CC3	0x5EC6	0.912	HIGH_CONFIDENCE	0.857	0.886	0.156	0.864	0.000	0.943	0.864	2	DIRECT	BOUNDED	YES	POSSIBLE_DELETION	0x5EC6	AMBIGUOUS	0.864
_SSAnneB1FRoomsFisherEndBattleText	0x5D01	0x5F0C	0.710	MEDIUM_CONFIDENCE	0.667	0.688	0.045	0.710	0.000	0.000	0.048	0	DIRECT	NONE	NO	POSSIBLE_INSERTION	0x5F0C	MEDIUM_CONFIDENCE	0.710
_SSAnneB1FRoomsFisherAfterBattleText	0x5D21	0x5F22	0.944	HIGH_CONFIDENCE	0.889	0.935	0.094	0.899	0.000	0.897	0.899	2	DIRECT	BOUNDED	YES	POSSIBLE_DELETION	0x5F22	AMBIGUOUS	0.899
_SSAnneB1FRoomsSuperNerdText	0x5D4C	0x5F50	0.869	MEDIUM_CONFIDENCE	0.875	0.868	0.094	0.869	0.000	0.000	0.049	0	DIRECT	NONE	NO	POSSIBLE_INSERTION	0x5F50	MEDIUM_CONFIDENCE	0.869
_VictoryRoad3FCooltrainerM1BattleText	0x5D9B	0x5FAB	0.888	MEDIUM_CONFIDENCE	0.889	0.720	0.094	0.840	0.000	0.974	0.840	2	DIRECT	BOUNDED	NO	POSSIBLE_INSERTION	0x5FAB	AMBIGUOUS	0.840
_VictoryRoad3FCooltrainerM1EndBattleText	0x5DBF	0x5FDD	0.999	HIGH_CONFIDENCE	1.000	0.913	0.048	0.954	0.000	0.904	0.954	2	DIRECT	BOUNDED	YES	POSSIBLE_INSERTION	0x5FDD	AMBIGUOUS	0.954
_VictoryRoad3FCooltrainerM1AfterBattleText	0x5DD6	0x5FF2	0.914	HIGH_CONFIDENCE	0.857	0.921	0.156	0.864	0.000	0.995	0.864	2	DIRECT	BOUNDED	YES	POSSIBLE_DELETION	0x5FF2	AMBIGUOUS	0.864
_VictoryRoad3FCooltrainerF1BattleText	0x5DF9	0x6018	0.800	MEDIUM_CONFIDENCE	0.714	0.703	0.077	0.756	0.000	0.892	0.756	2	DIRECT	BOUNDED	NO	POSSIBLE_INSERTION	0x6018	AMBIGUOUS	0.756
_VictoryRoad3FCooltrainerF1EndBattleText	0x5E1E	0x6032	0.838	MEDIUM_CONFIDENCE	0.857	0.722	0.077	0.838	0.000	0.000	0.034	0	DIRECT	NONE	NO	POSSIBLE_DELETION	0x6032	MEDIUM_CONFIDENCE	0.838
_VictoryRoad3FCooltrainerF1AfterBattleText	0x5E2B	0x6044	0.942	HIGH_CONFIDENCE	0.875	0.944	0.094	0.893	0.000	0.987	0.893	2	DIRECT	BOUNDED	YES	POSSIBLE_INSERTION	0x6044	AMBIGUOUS	0.893
_VictoryRoad3FCooltrainerM2BattleText	0x5E4F	0x6066	0.963	HIGH_CONFIDENCE	0.923	0.914	0.125	0.914	0.000	0.972	0.914	2	DIRECT	BOUNDED	YES	POSSIBLE_DELETION	0x6066	AMBIGUOUS	0.914
_VictoryRoad3FCooltrainerM2EndBattleText	0x5E6F	0x6089	0.996	HIGH_CONFIDENCE	1.000	0.870	0.100	0.947	0.000	0.989	0.947	2	DIRECT	BOUNDED	YES	POSSIBLE_INSERTION	0x6089	AMBIGUOUS	0.947
_VictoryRoad3FCooltrainerM2AfterBattleText	0x5E83	0x60A0	0.923	HIGH_CONFIDENCE	0.833	0.968	0.031	0.873	0.000	0.997	0.873	2	DIRECT	BOUNDED	YES	POSSIBLE_INSERTION	0x60A0	AMBIGUOUS	0.873
_VictoryRoad3FCooltrainerF2BattleText	0x5EC1	0x60DC	0.784	MEDIUM_CONFIDENCE	0.706	0.694	0.094	0.738	0.000	0.907	0.738	2	DIRECT	BOUNDED	NO	POSSIBLE_DELETION	0x60DC	AMBIGUOUS	0.738
_VictoryRoad3FCooltrainerF2EndBattleText	0x5EEC	0x611A	0.983	HIGH_CONFIDENCE	1.000	0.762	0.375	0.934	0.000	0.982	0.934	2	DIRECT	BOUNDED	YES	POSSIBLE_INSERTION	0x611A	AMBIGUOUS	0.934
_VictoryRoad3FCooltrainerF2AfterBattleText	0x5EFC	0x612F	0.783	MEDIUM_CONFIDENCE	0.778	0.708	0.156	0.783	0.000	0.000	0.031	0	DIRECT	NONE	NO	POSSIBLE_INSERTION	0x612F	MEDIUM_CONFIDENCE	0.783
_RocketHideoutB1FRocket5EndBattleText	0x5F2A	0x6170	0.982	HIGH_CONFIDENCE	1.000	1.000	0.400	0.982	0.000	0.000	0.124	0	DIRECT	NONE	YES	POSSIBLE_INSERTION	0x6170	HIGH_CONFIDENCE	0.982
_RocketHideoutB1FRocket1BattleText	0x5F34	0x617A	0.937	HIGH_CONFIDENCE	0.875	0.917	0.094	0.887	0.000	0.985	0.887	2	DIRECT	BOUNDED	YES	EXPECTED_DRIFT	0x617A	AMBIGUOUS	0.887
_RocketHideoutB1FRocket1EndBattleText	0x5F58	0x619B	0.963	MEDIUM_CONFIDENCE	1.000	0.933	0.214	0.963	0.000	0.000	0.039	0	DIRECT	NONE	NO	POSSIBLE_DELETION	0x619B	MEDIUM_CONFIDENCE	0.963
_RocketHideoutB1FRocket1AfterBattleText	0x5F66	0x61AA	0.865	MEDIUM_CONFIDENCE	0.800	0.767	0.043	0.815	0.000	0.998	0.815	2	DIRECT	BOUNDED	NO	POSSIBLE_INSERTION	0x61AA	AMBIGUOUS	0.815
_RocketHideoutB1FRocket2BattleText	0x5F84	0x61C1	0.923	HIGH_CONFIDENCE	0.833	0.968	0.067	0.874	0.000	0.982	0.874	2	DIRECT	BOUNDED	YES	POSSIBLE_DELETION	0x61C1	AMBIGUOUS	0.874
_RocketHideoutB1FRocket2EndBattleText	0x5FA3	0x61DF	0.774	MEDIUM_CONFIDENCE	0.667	0.667	0.125	0.724	0.000	0.995	0.724	2	DIRECT	BOUNDED	NO	POSSIBLE_DELETION	0x61DF	AMBIGUOUS	0.724
_RocketHideoutB1FRocket2AfterBattleText	0x5FAB	0x61EB	0.808	MEDIUM_CONFIDENCE	0.750	0.696	0.094	0.758	0.000	0.989	0.758	2	DIRECT	BOUNDED	NO	POSSIBLE_INSERTION	0x61EB	AMBIGUOUS	0.758
_RocketHideoutB1FRocket3BattleText	0x5FD9	0x620B	0.892	MEDIUM_CONFIDENCE	0.857	0.739	0.176	0.845	0.000	0.955	0.845	2	DIRECT	BOUNDED	NO	POSSIBLE_DELETION	0x620B	AMBIGUOUS	0.845
_RocketHideoutB1FRocket3EndBattleText	0x5FEA	0x6222	0.856	MEDIUM_CONFIDENCE	0.800	0.714	0.133	0.807	0.000	0.984	0.807	2	DIRECT	BOUNDED	NO	POSSIBLE_INSERTION	0x6222	AMBIGUOUS	0.807
_RocketHideoutB1FRocket3AfterBattleText	0x5FF9	0x6237	0.917	HIGH_CONFIDENCE	0.875	0.897	0.094	0.868	0.000	0.981	0.868	2	DIRECT	BOUNDED	YES	POSSIBLE_INSERTION	0x6237	AMBIGUOUS	0.868
_RocketHideoutB1FRocket4BattleText	0x6020	0x625A	0.838	MEDIUM_CONFIDENCE	0.800	0.625	0.133	0.789	0.000	0.979	0.789	2	DIRECT	BOUNDED	NO	POSSIBLE_DELETION	0x625A	AMBIGUOUS	0.789
_RocketHideoutB1FRocket4EndBattleText	0x6038	0x6269	0.998	HIGH_CONFIDENCE	1.000	0.882	0.133	0.950	0.000	0.953	0.950	2	DIRECT	BOUNDED	YES	SUSPICIOUS_MAPPING	0x6269	AMBIGUOUS	0.950
_RocketHideoutB1FRocket4AfterBattleText	0x6047	0x627A	0.895	MEDIUM_CONFIDENCE	0.857	0.817	0.062	0.845	0.000	0.999	0.845	2	DIRECT	BOUNDED	NO	POSSIBLE_INSERTION	0x627A	AMBIGUOUS	0.845
_RocketHideoutB1FRocket5BattleText	0x6078	0x62B6	0.974	HIGH_CONFIDENCE	0.923	0.968	0.133	0.925	0.000	0.971	0.925	2	DIRECT	BOUNDED	YES	POSSIBLE_INSERTION	0x62B6	AMBIGUOUS	0.925
_RocketHideoutB1FRocket5AfterBattleText	0x6097	0x62D4	0.975	HIGH_CONFIDENCE	0.933	0.944	0.125	0.926	0.000	0.976	0.926	2	DIRECT	BOUNDED	YES	POSSIBLE_DELETION	0x62D4	AMBIGUOUS	0.926
_RocketHideoutB2FRocketBattleText	0x60BB	0x62F6	0.951	HIGH_CONFIDENCE	0.957	0.825	0.125	0.903	0.000	0.941	0.903	2	DIRECT	BOUNDED	YES	POSSIBLE_DELETION	0x62F6	AMBIGUOUS	0.903
_RocketHideoutB2FRocketEndBattleText	0x60EF	0x6335	0.836	MEDIUM_CONFIDENCE	0.857	0.700	0.143	0.836	0.000	0.000	0.039	0	DIRECT	NONE	NO	POSSIBLE_INSERTION	0x6335	MEDIUM_CONFIDENCE	0.836
_RocketHideoutB2FRocketAfterBattleText	0x60FD	0x6349	0.742	MEDIUM_CONFIDENCE	0.625	0.713	0.062	0.692	0.000	0.994	0.692	2	DIRECT	BOUNDED	NO	POSSIBLE_INSERTION	0x6349	AMBIGUOUS	0.692
_RocketHideoutB3FRocket1BattleText	0x6140	0x63A7	0.882	MEDIUM_CONFIDENCE	0.800	0.851	0.094	0.833	0.000	0.970	0.833	2	DIRECT	BOUNDED	NO	POSSIBLE_INSERTION	0x63A7	AMBIGUOUS	0.833
_RocketHideoutB3FRocket1EndBattleText	0x6168	0x63D6	0.920	HIGH_CONFIDENCE	0.889	0.783	0.167	0.870	0.000	0.997	0.870	2	DIRECT	BOUNDED	YES	POSSIBLE_INSERTION	0x63D6	AMBIGUOUS	0.870
_RocketHideoutB3FRocket1AfterBattleText	0x617A	0x63ED	0.919	HIGH_CONFIDENCE	0.917	0.756	0.094	0.869	0.000	0.993	0.869	2	DIRECT	BOUNDED	YES	POSSIBLE_INSERTION	0x63ED	AMBIGUOUS	0.869
_RocketHideout3BattleText	0x61B8	0x643F	0.935	HIGH_CONFIDENCE	0.889	0.878	0.094	0.887	0.000	0.962	0.887	2	DIRECT	BOUNDED	YES	POSSIBLE_INSERTION	0x643F	AMBIGUOUS	0.887
_RocketHideout3EndBattleText3	0x61E9	0x646A	0.782	MEDIUM_CONFIDENCE	0.667	0.731	0.053	0.734	0.000	0.954	0.734	2	DIRECT	BOUNDED	NO	POSSIBLE_DELETION	0x646A	AMBIGUOUS	0.734
_RocketHide3AfterBattleText3	0x61FC	0x6484	0.838	MEDIUM_CONFIDENCE	0.720	0.833	0.219	0.789	0.000	0.976	0.789	2	DIRECT	BOUNDED	NO	POSSIBLE_INSERTION	0x6484	AMBIGUOUS	0.789
_RocketHideoutB4FGiovanniImpressedYouGotHereText	0x623E	0x64BB	0.750	MEDIUM_CONFIDENCE	0.692	0.613	0.094	0.706	0.000	0.875	0.706	2	DIRECT	BOUNDED	NO	POSSIBLE_DELETION	0x64BB	AMBIGUOUS	0.706
_RocketHideoutB4FGiovanniWhatCannotBeText	0x626C	0x6506	0.998	HIGH_CONFIDENCE	1.000	0.913	0.048	0.954	0.000	0.885	0.954	2	DIRECT	BOUNDED	YES	POSSIBLE_INSERTION	0x6506	AMBIGUOUS	0.954
_RocketHideoutB4FGiovanniHopeWeMeetAgainText	0x6283	0x651B	0.785	MEDIUM_CONFIDENCE	0.677	0.959	0.031	0.785	0.000	0.000	0.048	0	DIRECT	NONE	NO	POSSIBLE_DELETION	0x651B	MEDIUM_CONFIDENCE	0.785
_RocketHideoutB4FRocket1BattleText	0x6326	0x65C5	0.882	MEDIUM_CONFIDENCE	0.870	0.708	0.219	0.835	0.000	0.943	0.835	2	DIRECT	BOUNDED	NO	POSSIBLE_INSERTION	0x65C5	AMBIGUOUS	0.835
_RocketHideoutB4FRocket1EndBattleText	0x6354	0x6606	0.765	MEDIUM_CONFIDENCE	0.750	0.652	0.067	0.765	0.000	0.000	0.044	0	DIRECT	NONE	NO	POSSIBLE_INSERTION	0x6606	MEDIUM_CONFIDENCE	0.765
_RocketHideoutB4FRocket1AfterBattleText	0x6363	0x661D	0.898	MEDIUM_CONFIDENCE	0.857	0.773	0.125	0.850	0.000	0.966	0.850	2	DIRECT	BOUNDED	NO	POSSIBLE_INSERTION	0x661D	AMBIGUOUS	0.850
_RocketHideoutB4FRocket2BattleText	0x638F	0x663F	0.861	MEDIUM_CONFIDENCE	0.818	0.763	0.094	0.814	0.000	0.937	0.814	2	DIRECT	BOUNDED	NO	POSSIBLE_DELETION	0x663F	AMBIGUOUS	0.814
_RocketHideoutB4FRocket2EndBattleText	0x63BC	0x667A	1.000	HIGH_CONFIDENCE	1.000	0.889	0.250	0.955	0.000	0.942	0.955	2	DIRECT	BOUNDED	YES	POSSIBLE_INSERTION	0x667A	AMBIGUOUS	0.955
_RocketHideoutB4FRocket2AfterBattleText	0x63C4	0x6683	0.914	HIGH_CONFIDENCE	0.857	0.857	0.067	0.865	0.000	0.991	0.865	2	DIRECT	BOUNDED	YES	POSSIBLE_INSERTION	0x6683	AMBIGUOUS	0.865
_RocketHideoutB4FRocket3BattleText	0x63E2	0x66A6	0.945	HIGH_CONFIDENCE	0.889	0.918	0.188	0.898	0.000	0.942	0.898	2	DIRECT	BOUNDED	YES	POSSIBLE_INSERTION	0x66A6	AMBIGUOUS	0.898
_RocketHideoutB4FRocket3EndBattleText	0x6413	0x66D3	0.791	MEDIUM_CONFIDENCE	0.800	0.625	0.200	0.791	0.000	0.000	0.032	0	DIRECT	NONE	NO	POSSIBLE_DELETION	0x66D3	MEDIUM_CONFIDENCE	0.791
_RocketHideoutB4FRocket3AfterBattleText	0x6418	0x66DB	0.891	MEDIUM_CONFIDENCE	0.875	0.744	0.281	0.843	0.000	0.978	0.843	2	DIRECT	BOUNDED	NO	POSSIBLE_INSERTION	0x66DB	AMBIGUOUS	0.843
_RocketHideoutElevatorAppearsToNeedKeyText	0x6438	0x6706	0.889	MEDIUM_CONFIDENCE	0.941	0.737	0.143	0.889	0.000	0.000	0.040	0	DIRECT	NONE	NO	POSSIBLE_INSERTION	0x6706	MEDIUM_CONFIDENCE	0.889
SilphCo2FSilphWorkerFPleaseTakeThisText	0x6454	0x672C	0.860	MEDIUM_CONFIDENCE	0.812	0.775	0.031	0.815	0.000	0.891	0.815	2	DIRECT	BOUNDED	NO	POSSIBLE_INSERTION	0x672C	AMBIGUOUS	0.815
_SilphCo2FSilphWorkerFReceivedTM36Text	0x64BA	0x677B	0.741	MEDIUM_CONFIDENCE	0.750	0.882	0.267	0.741	0.000	0.000	0.036	0	DIRECT	NONE	NO	POSSIBLE_DELETION	0x677B	MEDIUM_CONFIDENCE	0.741
_SilphCo2FSilphWorkerFTM36ExplanationText	0x64C9	0x6790	0.899	MEDIUM_CONFIDENCE	0.941	0.814	0.156	0.899	0.000	0.000	0.047	0	DIRECT	NONE	NO	POSSIBLE_INSERTION	0x6790	MEDIUM_CONFIDENCE	0.899
_SilphCo2FSilphWorkerFTM36NoRoomText	0x651C	0x67F6	0.988	HIGH_CONFIDENCE	0.933	1.000	0.188	0.939	0.000	0.989	0.939	2	DIRECT	BOUNDED	YES	POSSIBLE_INSERTION	0x67F6	AMBIGUOUS	0.939
_SilphCo2FScientist1BattleText	0x653E	0x6818	0.775	MEDIUM_CONFIDENCE	0.714	0.636	0.071	0.726	0.000	0.971	0.726	2	DIRECT	BOUNDED	NO	EXPECTED_DRIFT	0x6818	AMBIGUOUS	0.726
_SilphCo2FScientist1EndBattleText	0x655A	0x6844	0.940	HIGH_CONFIDENCE	0.875	0.941	0.125	0.893	0.000	0.937	0.893	2	DIRECT	BOUNDED	YES	POSSIBLE_INSERTION	0x6844	AMBIGUOUS	0.893
_SilphCo2FScientist1AfterBattleText	0x657C	0x6864	0.927	HIGH_CONFIDENCE	0.900	0.800	0.156	0.880	0.000	0.950	0.880	2	DIRECT	BOUNDED	YES	POSSIBLE_DELETION	0x6864	AMBIGUOUS	0.880
_SilphCo2FScientist2BattleText	0x65A4	0x6896	0.920	HIGH_CONFIDENCE	0.857	0.886	0.097	0.871	0.000	0.975	0.871	2	DIRECT	BOUNDED	YES	POSSIBLE_INSERTION	0x6896	AMBIGUOUS	0.871
_SilphCo2FScientist2EndBattleText	0x65C3	0x68B9	0.840	MEDIUM_CONFIDENCE	0.857	0.722	0.154	0.840	0.000	0.000	0.034	0	DIRECT	NONE	NO	POSSIBLE_INSERTION	0x68B9	MEDIUM_CONFIDENCE	0.840
_SilphCo2FScientist2AfterBattleText	0x65D0	0x68CB	0.959	HIGH_CONFIDENCE	0.933	0.868	0.094	0.910	0.000	0.991	0.910	2	DIRECT	BOUNDED	YES	POSSIBLE_INSERTION	0x68CB	AMBIGUOUS	0.910
_SilphCo2FRocket1BattleText	0x65F1	0x68F1	0.906	MEDIUM_CONFIDENCE	0.857	0.811	0.067	0.856	0.000	1.000	0.856	2	DIRECT	BOUNDED	NO	POSSIBLE_INSERTION	0x68F1	AMBIGUOUS	0.856
_SilphCo2FRocket1EndBattleText	0x660F	0x6916	0.891	MEDIUM_CONFIDENCE	0.800	0.889	0.125	0.842	0.000	0.991	0.842	2	DIRECT	BOUNDED	NO	POSSIBLE_INSERTION	0x6916	AMBIGUOUS	0.842
_SilphCo2FRocket1AfterBattleText	0x6617	0x691F	0.847	MEDIUM_CONFIDENCE	0.800	0.720	0.062	0.797	0.000	1.000	0.797	2	DIRECT	BOUNDED	NO	POSSIBLE_INSERTION	0x691F	AMBIGUOUS	0.797
_SilphCo2FRocket2BattleText	0x665F	0x6983	0.893	MEDIUM_CONFIDENCE	0.857	0.771	0.037	0.847	0.072	0.919	0.847	2	DIRECT	BOUNDED	NO	POSSIBLE_INSERTION	0x6983	AMBIGUOUS	0.847
_SilphCo2FRocket2EndBattleText	0x6682	0x699E	0.898	MEDIUM_CONFIDENCE	0.857	0.786	0.091	0.851	0.000	0.939	0.851	2	DIRECT	BOUNDED	NO	POSSIBLE_DELETION	0x699E	AMBIGUOUS	0.851
_SilphCo2FRocket2AfterBattleText	0x668D	0x69AC	1.000	HIGH_CONFIDENCE	1.000	0.955	0.031	0.962	0.000	0.978	0.962	2	DIRECT	BOUNDED	YES	POSSIBLE_INSERTION	0x69AC	AMBIGUOUS	0.962
_SilphCo3FSilphWorkerMWhatShouldIDoText	0x66B9	0x69D6	0.950	HIGH_CONFIDENCE	0.947	0.860	0.188	0.903	0.000	0.951	0.903	2	DIRECT	BOUNDED	YES	POSSIBLE_DELETION	0x69D6	AMBIGUOUS	0.903
_SilphCo3FSilphWorkerMYouSavedUsText	0x66DE	0x6A01	0.889	MEDIUM_CONFIDENCE	0.909	0.821	0.156	0.889	0.000	0.000	0.037	0	DIRECT	NONE	NO	POSSIBLE_INSERTION	0x6A01	MEDIUM_CONFIDENCE	0.889
_SilphCo3FRocketBattleText	0x66FE	0x6A28	0.982	HIGH_CONFIDENCE	1.000	0.800	0.071	0.932	0.000	0.998	0.932	1	DIRECT	BOUNDED	YES	POSSIBLE_INSERTION	0x6A28	AMBIGUOUS	0.932
_SilphCo3FRocketEndBattleText	0x671A	0x6A4B	0.856	MEDIUM_CONFIDENCE	0.750	0.857	0.083	0.806	0.007	0.997	0.806	1	DIRECT	BOUNDED	NO	POSSIBLE_INSERTION	0x6A4B	AMBIGUOUS	0.806
_SilphCo3FRocketAfterBattleText	0x6726	0x6A59	0.937	HIGH_CONFIDENCE	0.900	0.849	0.062	0.887	0.028	1.000	0.887	1	DIRECT	BOUNDED	YES	POSSIBLE_INSERTION	0x6A59	AMBIGUOUS	0.887
_SilphCo3FScientistBattleText	0x6753	0x6A8E	0.862	MEDIUM_CONFIDENCE	0.833	0.714	0.062	0.812	0.118	0.998	0.812	1	DIRECT	BOUNDED	NO	POSSIBLE_INSERTION	0x6A8E	AMBIGUOUS	0.812
_SilphCo3FScientistEndBattleText	0x6785	0x6AD4	0.951	HIGH_CONFIDENCE	0.889	0.950	0.105	0.902	0.460	0.983	0.902	1	DIRECT	BOUNDED	YES	POSSIBLE_INSERTION	0x6AD4	AMBIGUOUS	0.902
_SilphCo3FScientistAfterBattleText	0x6799	0x6AE7	0.882	MEDIUM_CONFIDENCE	0.824	0.824	0.031	0.833	0.401	0.995	0.833	1	DIRECT	BOUNDED	NO	POSSIBLE_DELETION	0x6AE7	AMBIGUOUS	0.833
_SilphCo4FSilphWorkerMImHidingText	0x67E4	0x6B42	0.930	HIGH_CONFIDENCE	0.933	0.795	0.129	0.880	0.609	0.991	0.880	1	DIRECT	BOUNDED	YES	POSSIBLE_INSERTION	0x6B42	AMBIGUOUS	0.880
_SilphCo4FSilphWorkerMTeamRocketIsGoneText	0x6803	0x6B69	0.938	HIGH_CONFIDENCE	0.923	0.794	0.074	0.889	0.726	0.992	0.889	1	DIRECT	BOUNDED	YES	POSSIBLE_INSERTION	0x6B69	AMBIGUOUS	0.889
_SilphCo4FRocket1BattleText	0x681E	0x6B8B	0.955	HIGH_CONFIDENCE	0.889	0.918	0.438	0.906	0.827	0.992	0.906	1	DIRECT	BOUNDED	YES	POSSIBLE_INSERTION	0x6B8B	AMBIGUOUS	0.906
_SilphCo4FRocket1EndBattleText	0x684B	0x6BBC	1.000	HIGH_CONFIDENCE	1.000	0.875	0.429	0.958	0.831	0.999	0.958	1	DIRECT	BOUNDED	YES	POSSIBLE_INSERTION	0x6BBC	AMBIGUOUS	0.958
_SilphCo4FRocket1AfterBattleText	0x6853	0x6BC3	0.921	HIGH_CONFIDENCE	0.824	0.959	0.219	0.871	0.794	0.996	0.871	1	DIRECT	BOUNDED	YES	POSSIBLE_DELETION	0x6BC3	AMBIGUOUS	0.871
_SilphCo4FScientistBattleText	0x6882	0x6BF4	0.836	MEDIUM_CONFIDENCE	0.778	0.744	0.031	0.786	0.750	0.992	0.786	1	DIRECT	BOUNDED	NO	POSSIBLE_INSERTION	0x6BF4	AMBIGUOUS	0.786
_SilphCo4FScientistEndBattleText	0x68A2	0x6C1F	0.877	MEDIUM_CONFIDENCE	0.857	0.733	0.045	0.828	0.930	0.981	0.828	1	DIRECT	BOUNDED	NO	POSSIBLE_INSERTION	0x6C1F	AMBIGUOUS	0.828
_SilphCo4FScientistAfterBattleText	0x68B8	0x6C3D	0.931	HIGH_CONFIDENCE	0.909	0.847	0.031	0.881	0.937	0.982	0.881	1	DIRECT	BOUNDED	YES	POSSIBLE_INSERTION	0x6C3D	AMBIGUOUS	0.881
_SilphCo4FRocket2BattleText	0x68F5	0x6C85	0.883	MEDIUM_CONFIDENCE	0.857	0.704	0.053	0.834	0.812	0.979	0.834	1	DIRECT	BOUNDED	NO	POSSIBLE_INSERTION	0x6C85	AMBIGUOUS	0.834
_SilphCo4FRocket2EndBattleText	0x6908	0x6CA0	0.889	MEDIUM_CONFIDENCE	0.857	0.714	0.200	0.840	0.673	0.969	0.840	1	DIRECT	BOUNDED	NO	POSSIBLE_INSERTION	0x6CA0	AMBIGUOUS	0.840
_SilphCo4FRocket2AfterBattleText	0x6916	0x6CAA	0.946	HIGH_CONFIDENCE	0.875	0.969	0.065	0.897	0.786	0.979	0.897	1	DIRECT	BOUNDED	YES	POSSIBLE_DELETION	0x6CAA	AMBIGUOUS	0.897
_SilphCo5FSilphWorkerMThatsYouRightText	0x6936	0x6CC9	0.968	HIGH_CONFIDENCE	0.889	0.985	0.438	0.919	0.868	0.989	0.919	1	DIRECT	BOUNDED	YES	POSSIBLE_DELETION	0x6CC9	AMBIGUOUS	0.919
_SilphCo5FSilphWorkerMYoureOurHeroText	0x6978	0x6D0C	0.983	HIGH_CONFIDENCE	0.947	0.900	0.406	0.933	0.969	0.987	0.933	1	DIRECT	BOUNDED	YES	POSSIBLE_INSERTION	0x6D0C	AMBIGUOUS	0.933
_SilphCo5FRocket1BattleText	0x69AA	0x6D39	0.870	MEDIUM_CONFIDENCE	0.842	0.771	0.094	0.824	0.830	0.909	0.824	1	DIRECT	BOUNDED	NO	POSSIBLE_DELETION	0x6D39	AMBIGUOUS	0.824
_SilphCo5FRocket1EndBattleText	0x69CF	0x6D69	1.000	EXACT	1.000	1.000	1.000	1.000	1.000	1.000	0.000	3	DIRECT	NONE	NO	NO		UNMATCHED	0.000
