usa_symbol	ita_address	status	source
SilphCo2FSilphWorkerFPleaseTakeThisText	20:672C	HISTORICAL	PASS2
_AgathaEndBattleText	21:6B9D	CONFIRMED	PASS5
_BecameConfusedText	25:493C	CONFIRMED	PASS5
_BikeShopBagFullText	26:4FDD	CONFIRMED	PASS5
_BookcaseText	22:4762	CONFIRMED	PASS5
_BoulderText	20:40D4	HISTORICAL	PASS2
_BrunoEndBattleText	21:69EA	CONFIRMED	PASS5
_CableClubNPCPleaseComeAgainText	29:4000	CONFIRMED	PASS5
_CantCarryMoreText	22:62B1	CONFIRMED	PASS5
_CeladonCityGramps3TM41NoRoomText	29:5D24	CONFIRMED	PASS5
_CeladonDinerGymGuideCoinCaseNoRoomText	27:6213	CONFIRMED	PASS5
_CeladonMart3FClerkTM18NoRoomText	27:491F	CONFIRMED	PASS5
_CeladonMartRoofLittleGirlGiveHerADrinkText	27:4EC2	CONFIRMED	PASS5
_CeladonMartRoofLittleGirlImThirstyText	27:4E9F	CONFIRMED	PASS5
_CeruleanGymMistyTM11NoRoomText	26:4C36	CONFIRMED	PASS5
_CinnabarGymSuperNerd2EndBattleText	28:4B2E	CONFIRMED	PASS5
_CinnabarLabFossilRoomScientist1GoForAWalkText	28:5255	CONFIRMED	PASS5
_CinnabarLabFossilRoomScientist1GoForAWalkText2	28:5366	CONFIRMED	PASS5
_ColosseumOpponentText	25:4BC4	CONFIRMED	PASS5
_DidntAffectText	25:49AE	CONFIRMED	PASS5
_DoesntAffectMonText	22:5C79	CONFIRMED	PASS5
_ExclamationText	20:40A4	CONFIRMED	PASS2+PASS5
_FellText	25:4888	CONFIRMED	PASS5
_FightingDojoBlackbelt1EndBattleText	28:5A4E	CONFIRMED	PASS5
_FightingDojoText	22:5018	CONFIRMED	PASS5
_FoundItemText	20:4155	HISTORICAL	PASS2
_FrozenText	25:4834	CONFIRMED	PASS5
_FuchsiaCityPokemonText	29:6142	CONFIRMED	PASS5
_FuchsiaGoodRodHouseFishingGuruNoRoomText	28:47AD	CONFIRMED	PASS5
_FuchsiaGymKogaTM06NoRoomText	28:4160	CONFIRMED	PASS5
_GroundRoseText	20:40A7	HISTORICAL	PASS2
_IsConfusedText	22:5B4E	CONFIRMED	PASS5
_IsFrozenText	22:5AF7	CONFIRMED	PASS5
_IsUnaffectedText	25:49C3	CONFIRMED	PASS5
_ItemUseNoEffectText	29:6D14	CONFIRMED	PASS5
_ItsABiteText	20:408F	HISTORICAL	PASS2
_LinkCableHelpText2	22:5146	CONFIRMED	PASS5
_LoreleiEndBattleText	21:68B4	CONFIRMED	PASS5
_MartSignText	20:4100	HISTORICAL	PASS2
_MtMoon1FBewareZubatSign	20:4A0D	HISTORICAL	PASS2
_MtMoon1FCooltrainerF1AfterBattleText	20:4847	HISTORICAL	PASS2
_MtMoon1FCooltrainerF1BattleText	20:4808	HISTORICAL	PASS2
_MtMoon1FCooltrainerF1EndBattleText	20:4835	CONFIRMED	PASS2+PASS5
_MtMoon1FCooltrainerF2AfterBattleText	20:48EF	HISTORICAL	PASS2
_MtMoon1FCooltrainerF2BattleText	20:48BB	HISTORICAL	PASS2
_MtMoon1FCooltrainerF2EndBattleText	20:48E4	HISTORICAL	PASS2
_MtMoon1FHikerAfterBattleText	20:4793	HISTORICAL	PASS2
_MtMoon1FHikerBattleText	20:4741	HISTORICAL	PASS2
_MtMoon1FHikerEndBattleText	20:4771	HISTORICAL	PASS2
_MtMoon1FSuperNerdAfterBattleText	20:489B	HISTORICAL	PASS2
_MtMoon1FSuperNerdBattleText	20:485D	HISTORICAL	PASS2
_MtMoon1FSuperNerdEndBattleText	20:4878	HISTORICAL	PASS2
_MtMoon1FYoungster1AfterBattleText	20:47E3	HISTORICAL	PASS2
_MtMoon1FYoungster1BattleText	20:47B4	HISTORICAL	PASS2
_MtMoon1FYoungster1EndBattleText	20:47D1	HISTORICAL	PASS2
_MtMoon1FYoungster2AfterBattleText	20:4967	HISTORICAL	PASS2
_MtMoon1FYoungster2BattleText	20:4921	HISTORICAL	PASS2
_MtMoon1FYoungster2EndBattleText	20:4951	HISTORICAL	PASS2
_MtMoon1FYoungster3AfterBattleText	20:49D9	HISTORICAL	PASS2
_MtMoon1FYoungster3BattleText	20:499A	HISTORICAL	PASS2
_MtMoon1FYoungster3EndBattleText	20:49CA	HISTORICAL	PASS2
_MtMoonB1FUnusedText	20:4A2F	CONFIRMED	PASS2+PASS5
_MtMoonB2FDomeFossilYouWantText	20:4A31	HISTORICAL	PASS2
_MtMoonB2FHelixFossilYouWantText	20:4A44	HISTORICAL	PASS2
_MtMoonB2FReceivedFossilText	20:4A58	HISTORICAL	PASS2
_MtMoonB2FRocket1AfterBattleText	20:4BE1	HISTORICAL	PASS2
_MtMoonB2FRocket1BattleText	20:4B80	HISTORICAL	PASS2
_MtMoonB2FRocket1EndBattleText	20:4BCC	HISTORICAL	PASS2
_MtMoonB2FRocket2AfterBattleText	20:4C60	HISTORICAL	PASS2
_MtMoonB2FRocket2BattleText	20:4C1D	HISTORICAL	PASS2
_MtMoonB2FRocket2EndBattleText	20:4C4B	HISTORICAL	PASS2
_MtMoonB2FRocket3AfterBattleText	20:4CD5	HISTORICAL	PASS2
_MtMoonB2FRocket3BattleText	20:4C8E	HISTORICAL	PASS2
_MtMoonB2FRocket3EndBattleText	20:4CC2	HISTORICAL	PASS2
_MtMoonB2FRocket4AfterBattleText	20:4D45	HISTORICAL	PASS2
_MtMoonB2FRocket4BattleText	20:4CFD	HISTORICAL	PASS2
_MtMoonB2FRocket4EndBattleText	20:4D2D	HISTORICAL	PASS2
_MtMoonB2FSuperNerdOkIllShareText	20:4AD2	HISTORICAL	PASS2
_MtMoonB2FSuperNerdThenThisIsMineText	20:4B63	HISTORICAL	PASS2
_MtMoonB2FSuperNerdTheresAPokemonLabText	20:4B13	HISTORICAL	PASS2
_MtMoonB2FSuperNerdTheyreBothMineText	20:4A8E	HISTORICAL	PASS2
_MtMoonB2FYouHaveNoRoomText	20:4A6A	HISTORICAL	PASS2
_MtMoonB2fSuperNerdEachTakeOneText	20:4AEB	HISTORICAL	PASS2
_MtMoonPokecenterClipboardText	22:6CCF	CONFIRMED	PASS5
_Museum1FScientist2YouDontHaveSpaceText	25:6AF5	CONFIRMED	PASS5
_NoMoreRoomForItemText	20:4166	HISTORICAL	PASS2
_NoNibbleText	20:404D	HISTORICAL	PASS2
_NothingHereText	20:406C	HISTORICAL	PASS2
_OaksAideComeBackText	20:4277	HISTORICAL	PASS2
_OaksAideGotItemText	20:432C	HISTORICAL	PASS2
_OaksAideHereYouGoText	20:42F0	HISTORICAL	PASS2
_OaksAideHiText	20:418F	HISTORICAL	PASS2
_OaksAideNoRoomText	20:433E	HISTORICAL	PASS2
_OaksAideUhOhText	20:41DE	HISTORICAL	PASS2
_OaksLabOak2Text	25:53A2	CONFIRMED	PASS5
_PalletTownRivalsHouseSignText	29:4432	CONFIRMED	PASS5
_PokeCenterSignText	20:4131	HISTORICAL	PASS2
_PokemonBooksText	22:5750	CONFIRMED	PASS5
_PokemonCenterFarewellText	28:69C0	CONFIRMED	PASS5
_PokemonCenterPCDepositText	22:61FE	CONFIRMED	PASS5
_PokemonCenterPCTossText	22:62EB	CONFIRMED	PASS5
_PokemonCenterPCWithdrawText	22:6277	CONFIRMED	PASS5
_PokemonFanClubBagFullText	26:6963	CONFIRMED	PASS5
_PokemonMansion1FScientistEndBattleText	28:47F8	CONFIRMED	PASS5
_PokemonMansion1FSwitchNotPressedText	28:4863	CONFIRMED	PASS5
_PokemonMansion1FSwitchText	28:4829	CONFIRMED	PASS5
_PokemonMansion2FSwitchNotPressedText	21:5509	CONFIRMED	PASS5
_PokemonMansion2FSwitchText	21:54CF	CONFIRMED	PASS5
_PokemonMansion3FSuperNerdEndBattleText	21:5532	CONFIRMED	PASS5
_PokemonMansionB1FBurglarEndBattleText	21:5612	CONFIRMED	PASS5
_PokemonTower5FChanneler2AfterBattleText	26:5A5C	CONFIRMED	PASS5
_PokemonTower5FChanneler3AfterBattleText	26:5A9B	CONFIRMED	PASS5
_PokemonTower7FRocket1EndBattleText	26:5DF2	CONFIRMED	PASS5
_RockTunnel1FHiker3EndBattleText	23:4474	CONFIRMED	PASS5
_RockTunnelB1FCooltrainerF2EndBattleText	21:6E1D	CONFIRMED	PASS5
_RocketHide3AfterBattleText3	20:6484	HISTORICAL	PASS2
_RocketHideout3BattleText	20:643F	HISTORICAL	PASS2
_RocketHideout3EndBattleText3	20:646A	HISTORICAL	PASS2
_RocketHideoutB1FRocket1AfterBattleText	20:61AA	HISTORICAL	PASS2
_RocketHideoutB1FRocket1BattleText	20:617A	HISTORICAL	PASS2
_RocketHideoutB1FRocket1EndBattleText	20:619B	HISTORICAL	PASS2
_RocketHideoutB1FRocket2AfterBattleText	20:61EB	HISTORICAL	PASS2
_RocketHideoutB1FRocket2BattleText	20:61C1	HISTORICAL	PASS2
_RocketHideoutB1FRocket2EndBattleText	20:61DF	HISTORICAL	PASS2
_RocketHideoutB1FRocket3AfterBattleText	20:6237	HISTORICAL	PASS2
_RocketHideoutB1FRocket3BattleText	20:620B	HISTORICAL	PASS2
_RocketHideoutB1FRocket3EndBattleText	20:6222	HISTORICAL	PASS2
_RocketHideoutB1FRocket4AfterBattleText	20:627A	HISTORICAL	PASS2
_RocketHideoutB1FRocket4BattleText	20:625A	HISTORICAL	PASS2
_RocketHideoutB1FRocket4EndBattleText	20:6269	HISTORICAL	PASS2
_RocketHideoutB1FRocket5AfterBattleText	20:62D4	HISTORICAL	PASS2
_RocketHideoutB1FRocket5BattleText	20:62B6	HISTORICAL	PASS2
_RocketHideoutB1FRocket5EndBattleText	20:6170	HISTORICAL	PASS2
_RocketHideoutB2FRocketAfterBattleText	20:6349	HISTORICAL	PASS2
_RocketHideoutB2FRocketBattleText	20:62F6	HISTORICAL	PASS2
_RocketHideoutB2FRocketEndBattleText	20:6335	HISTORICAL	PASS2
_RocketHideoutB3FRocket1AfterBattleText	20:63ED	HISTORICAL	PASS2
_RocketHideoutB3FRocket1BattleText	20:63A7	HISTORICAL	PASS2
_RocketHideoutB3FRocket1EndBattleText	20:63D6	HISTORICAL	PASS2
_RocketHideoutB4FGiovanniHopeWeMeetAgainText	20:651B	HISTORICAL	PASS2
_RocketHideoutB4FGiovanniImpressedYouGotHereText	20:64BB	HISTORICAL	PASS2
_RocketHideoutB4FGiovanniWhatCannotBeText	20:6506	HISTORICAL	PASS2
_RocketHideoutB4FRocket1AfterBattleText	20:661D	HISTORICAL	PASS2
_RocketHideoutB4FRocket1BattleText	20:65C5	HISTORICAL	PASS2
_RocketHideoutB4FRocket1EndBattleText	20:6606	HISTORICAL	PASS2
_RocketHideoutB4FRocket2AfterBattleText	20:6683	HISTORICAL	PASS2
_RocketHideoutB4FRocket2BattleText	20:663F	HISTORICAL	PASS2
_RocketHideoutB4FRocket2EndBattleText	20:667A	HISTORICAL	PASS2
_RocketHideoutB4FRocket3AfterBattleText	20:66DB	HISTORICAL	PASS2
_RocketHideoutB4FRocket3BattleText	20:66A6	HISTORICAL	PASS2
_RocketHideoutB4FRocket3EndBattleText	20:66D3	HISTORICAL	PASS2
_RocketHideoutElevatorAppearsToNeedKeyText	20:6706	HISTORICAL	PASS2
_RoseText	25:4870	CONFIRMED	PASS5
_Route11DiglettsCaveSignText	24:4098	CONFIRMED	PASS5
_Route12Gate2FBrunetteGirlTM39NoRoomText	23:4953	CONFIRMED	PASS5
_Route12SnorlaxText	24:40A8	CONFIRMED	PASS5
_Route12SnorlaxWokeUpText	24:40D0	CONFIRMED	PASS5
_Route13CooltrainerF1EndBattleText	24:44D7	CONFIRMED	PASS5
_Route14CooltrainerM1EndBattleText	24:48CE	CONFIRMED	PASS5
_Route14CooltrainerM6EndBattleText	24:4AF2	CONFIRMED	PASS5
_Route15CooltrainerF1EndBattleText	24:4D02	CONFIRMED	PASS5
_Route16FlyHouseBrunetteGirlHM02NoRoomText	23:4EDD	CONFIRMED	PASS5
_Route16SnorlaxWokeUpText	24:5364	CONFIRMED	PASS5
_Route16Text7	24:533C	CONFIRMED	PASS5
_Route17Biker1EndBattleText	24:5436	CONFIRMED	PASS5
_Route19Swimmer4AfterBattleText	24:5C12	CONFIRMED	PASS5
_Route19Swimmer4BattleText	24:5BE0	CONFIRMED	PASS5
_Route24CooltrainerF1BattleText	25:40E1	CONFIRMED	PASS5
_Route24CooltrainerF2BattleText	25:41A0	CONFIRMED	PASS5
_Route24M3BattleText	25:4081	CONFIRMED	PASS5
_Route24Youngster1BattleText	25:4141	CONFIRMED	PASS5
_Route24Youngster2BattleText	25:424F	CONFIRMED	PASS5
_Route2DiglettsCaveSignText	23:5787	CONFIRMED	PASS5
_Route5UndergroundPathSignText	23:5C67	CONFIRMED	PASS5
_Route6UndergroundPathSignText	23:5EBB	CONFIRMED	PASS5
_Route7UndergroundPathSignText	23:5EE6	CONFIRMED	PASS5
_Route8UndergroundSignText	23:62E8	CONFIRMED	PASS5
_SSAnne1FRoomsCooltrainerFAfterBattleText	20:583F	HISTORICAL	PASS2
_SSAnne1FRoomsCooltrainerFBattleText	20:57E4	HISTORICAL	PASS2
_SSAnne1FRoomsCooltrainerFEndBattleText	20:580F	HISTORICAL	PASS2
_SSAnne1FRoomsGentleman1AfterBattleText	20:56FF	HISTORICAL	PASS2
_SSAnne1FRoomsGentleman1BattleText	20:56A6	HISTORICAL	PASS2
_SSAnne1FRoomsGentleman1EndBattleText	20:56E7	HISTORICAL	PASS2
_SSAnne1FRoomsGentleman2AfterBattleText	20:5750	HISTORICAL	PASS2
_SSAnne1FRoomsGentleman2BattleText	20:5717	HISTORICAL	PASS2
_SSAnne1FRoomsGentleman2EndBattleText	20:573C	HISTORICAL	PASS2
_SSAnne1FRoomsGentleman3Text	20:5922	HISTORICAL	PASS2
_SSAnne1FRoomsGirl1Text	20:587D	HISTORICAL	PASS2
_SSAnne1FRoomsGirl2Text	20:58FD	HISTORICAL	PASS2
_SSAnne1FRoomsLittleGirlText	20:58DD	HISTORICAL	PASS2
_SSAnne1FRoomsMiddleAgedManText	20:58B0	HISTORICAL	PASS2
_SSAnne1FRoomsWigglytuffText	20:568C	HISTORICAL	PASS2
_SSAnne1FRoomsYoungsterAfterBattleText	20:57AF	HISTORICAL	PASS2
_SSAnne1FRoomsYoungsterBattleText	20:5782	HISTORICAL	PASS2
_SSAnne1FRoomsYoungsterEndBattleText	20:579A	HISTORICAL	PASS2
_SSAnne1FSailorText	20:4DED	HISTORICAL	PASS2
_SSAnne1FWaiterText	20:4D71	HISTORICAL	PASS2
_SSAnne2FRivalCutMasterText	20:4FD7	HISTORICAL	PASS2
_SSAnne2FRivalDefeatedText	20:4F67	HISTORICAL	PASS2
_SSAnne2FRivalText	20:4EAB	HISTORICAL	PASS2
_SSAnne2FRivalVictoryText	20:4F94	HISTORICAL	PASS2
_SSAnne2FRoomsBeautyText	20:5AC2	HISTORICAL	PASS2
_SSAnne2FRoomsBrunetteGirlText	20:5A91	HISTORICAL	PASS2
_SSAnne2FRoomsCooltrainerFAfterBattleText	20:5C52	HISTORICAL	PASS2
_SSAnne2FRoomsCooltrainerFBattleText	20:5C22	HISTORICAL	PASS2
_SSAnne2FRoomsCooltrainerFEndBattleText	20:5C43	HISTORICAL	PASS2
_SSAnne2FRoomsFisherAfterBattleText	20:5B85	HISTORICAL	PASS2
_SSAnne2FRoomsFisherBattleText	20:5B59	HISTORICAL	PASS2
_SSAnne2FRoomsFisherEndBattleText	20:5B72	HISTORICAL	PASS2
_SSAnne2FRoomsGentleman1AfterBattleText	20:5B3E	HISTORICAL	PASS2
_SSAnne2FRoomsGentleman1BattleText	20:5AED	HISTORICAL	PASS2
_SSAnne2FRoomsGentleman1EndBattleText	20:5B1A	HISTORICAL	PASS2
_SSAnne2FRoomsGentleman2AfterBattleText	20:5C01	HISTORICAL	PASS2
_SSAnne2FRoomsGentleman2BattleText	20:5BC1	HISTORICAL	PASS2
_SSAnne2FRoomsGentleman2EndBattleText	20:5BED	HISTORICAL	PASS2
_SSAnne2FRoomsGentleman3Text	20:595E	HISTORICAL	PASS2
_SSAnne2FRoomsGentleman4Text	20:59B5	HISTORICAL	PASS2
_SSAnne2FRoomsGentleman5Text	20:5A15	HISTORICAL	PASS2
_SSAnne2FRoomsGrampsText	20:59EE	HISTORICAL	PASS2
_SSAnne2FRoomsLittleBoyText	20:5A61	HISTORICAL	PASS2
_SSAnne2FWaiterText	20:4E3D	HISTORICAL	PASS2
_SSAnne3FSailorText	20:5078	HISTORICAL	PASS2
_SSAnneB1FRoomsFisherAfterBattleText	20:5F22	HISTORICAL	PASS2
_SSAnneB1FRoomsFisherBattleText	20:5EC6	HISTORICAL	PASS2
_SSAnneB1FRoomsFisherEndBattleText	20:5F0C	HISTORICAL	PASS2
_SSAnneB1FRoomsMachokeText	20:5C74	HISTORICAL	PASS2
_SSAnneB1FRoomsSailor1AfterBattleText	20:5CD6	HISTORICAL	PASS2
_SSAnneB1FRoomsSailor1BattleText	20:5C8B	HISTORICAL	PASS2
_SSAnneB1FRoomsSailor1EndBattleText	20:5CB7	HISTORICAL	PASS2
_SSAnneB1FRoomsSailor2AfterBattleText	20:5D48	HISTORICAL	PASS2
_SSAnneB1FRoomsSailor2BattleText	20:5CF7	HISTORICAL	PASS2
_SSAnneB1FRoomsSailor2EndBattleText	20:5D22	HISTORICAL	PASS2
_SSAnneB1FRoomsSailor3AfterBattleText	20:5DAD	HISTORICAL	PASS2
_SSAnneB1FRoomsSailor3BattleText	20:5D75	HISTORICAL	PASS2
_SSAnneB1FRoomsSailor3EndBattleText	20:5D96	HISTORICAL	PASS2
_SSAnneB1FRoomsSailor4AfterBattleText	20:5E17	HISTORICAL	PASS2
_SSAnneB1FRoomsSailor4BattleText	20:5DDC	HISTORICAL	PASS2
_SSAnneB1FRoomsSailor4EndBattleText	20:5E05	CONFIRMED	PASS2+PASS5
_SSAnneB1FRoomsSailor5AfterBattleText	20:5E9F	HISTORICAL	PASS2
_SSAnneB1FRoomsSailor5BattleText	20:5E54	HISTORICAL	PASS2
_SSAnneB1FRoomsSailor5EndBattleText	20:5E84	HISTORICAL	PASS2
_SSAnneB1FRoomsSuperNerdText	20:5F50	HISTORICAL	PASS2
_SSAnneBowCooltrainerMText	20:511B	HISTORICAL	PASS2
_SSAnneBowSailor1Text	20:50F2	HISTORICAL	PASS2
_SSAnneBowSailor2AfterBattleText	20:518F	HISTORICAL	PASS2
_SSAnneBowSailor2BattleText	20:5158	HISTORICAL	PASS2
_SSAnneBowSailor2EndBattleText	20:5178	HISTORICAL	PASS2
_SSAnneBowSailor3AfterBattleText	20:51F0	HISTORICAL	PASS2
_SSAnneBowSailor3BattleText	20:51B8	HISTORICAL	PASS2
_SSAnneBowSailor3EndBattleText	20:51DC	CONFIRMED	PASS2+PASS5
_SSAnneBowSuperNerdText	20:50C4	HISTORICAL	PASS2
_SSAnneCaptainsRoomCaptainHM01NoRoomText	20:5606	CONFIRMED	PASS2+PASS5
_SSAnneCaptainsRoomCaptainIFeelMuchBetterText	20:54D6	HISTORICAL	PASS2
_SSAnneCaptainsRoomCaptainNotSickAnymoreText	20:55C4	HISTORICAL	PASS2
_SSAnneCaptainsRoomCaptainReceivedHM01Text	20:55AF	HISTORICAL	PASS2
_SSAnneCaptainsRoomRubCaptainsBackText	20:5465	HISTORICAL	PASS2
_SSAnneCaptainsRoomSeasickBookText	20:5648	HISTORICAL	PASS2
_SSAnneCaptainsRoomTrashText	20:5626	HISTORICAL	PASS2
_SSAnneKitchenCook1Text	20:5239	HISTORICAL	PASS2
_SSAnneKitchenCook2Text	20:526E	HISTORICAL	PASS2
_SSAnneKitchenCook3Text	20:529B	HISTORICAL	PASS2
_SSAnneKitchenCook4Text	20:52C5	HISTORICAL	PASS2
_SSAnneKitchenCook5Text	20:5314	HISTORICAL	PASS2
_SSAnneKitchenCook6Text	20:5352	HISTORICAL	PASS2
_SSAnneKitchenCook7MainCourseIsText	20:5388	HISTORICAL	PASS2
_SafariZoneCenterRestHouseText	21:5934	CONFIRMED	PASS5
_SafariZoneEastRestHouseText	21:5704	CONFIRMED	PASS5
_SafariZoneNorthRestHouseText	21:5769	CONFIRMED	PASS5
_SafariZoneWestRestHouseText	21:5845	CONFIRMED	PASS5
_SaffronCityFightingDojoSignText	29:678F	CONFIRMED	PASS5
_SaffronGymChanneler2EndBattleText	28:613E	CONFIRMED	PASS5
_SaffronGymYoungster3EndBattleText	28:6293	CONFIRMED	PASS5
_SaffronGymYoungster4EndBattleText	28:6385	CONFIRMED	PASS5
_SilphCo11FSilphPresidentNoRoomText	21:50F1	CONFIRMED	PASS5
_SilphCo2FRocket1AfterBattleText	20:691F	HISTORICAL	PASS2
_SilphCo2FRocket1BattleText	20:68F1	HISTORICAL	PASS2
_SilphCo2FRocket1EndBattleText	20:6916	HISTORICAL	PASS2
_SilphCo2FRocket2AfterBattleText	20:69AC	HISTORICAL	PASS2
_SilphCo2FRocket2BattleText	20:6983	HISTORICAL	PASS2
_SilphCo2FRocket2EndBattleText	20:699E	HISTORICAL	PASS2
_SilphCo2FScientist1AfterBattleText	20:6864	HISTORICAL	PASS2
_SilphCo2FScientist1BattleText	20:6818	HISTORICAL	PASS2
_SilphCo2FScientist1EndBattleText	20:6844	HISTORICAL	PASS2
_SilphCo2FScientist2AfterBattleText	20:68CB	HISTORICAL	PASS2
_SilphCo2FScientist2BattleText	20:6896	HISTORICAL	PASS2
_SilphCo2FScientist2EndBattleText	20:68B9	HISTORICAL	PASS2
_SilphCo2FSilphWorkerFReceivedTM36Text	20:677B	HISTORICAL	PASS2
_SilphCo2FSilphWorkerFTM36ExplanationText	20:6790	HISTORICAL	PASS2
_SilphCo2FSilphWorkerFTM36NoRoomText	20:67F6	HISTORICAL	PASS2
_SilphCo3FRocketAfterBattleText	20:6A59	HISTORICAL	PASS2
_SilphCo3FRocketBattleText	20:6A28	HISTORICAL	PASS2
_SilphCo3FRocketEndBattleText	20:6A4B	CONFIRMED	PASS2+PASS5
_SilphCo3FScientistAfterBattleText	20:6AE7	HISTORICAL	PASS2
_SilphCo3FScientistBattleText	20:6A8E	HISTORICAL	PASS2
_SilphCo3FScientistEndBattleText	20:6AD4	CONFIRMED	PASS2+PASS5
_SilphCo3FSilphWorkerMWhatShouldIDoText	20:69D6	HISTORICAL	PASS2
_SilphCo3FSilphWorkerMYouSavedUsText	20:6A01	HISTORICAL	PASS2
_SilphCo4FRocket1AfterBattleText	20:6BC3	HISTORICAL	PASS2
_SilphCo4FRocket1BattleText	20:6B8B	HISTORICAL	PASS2
_SilphCo4FRocket1EndBattleText	20:6BBC	CONFIRMED	PASS2+PASS5
_SilphCo4FRocket2AfterBattleText	20:6CAA	HISTORICAL	PASS2
_SilphCo4FRocket2BattleText	20:6C85	HISTORICAL	PASS2
_SilphCo4FRocket2EndBattleText	20:6CA0	HISTORICAL	PASS2
_SilphCo4FScientistAfterBattleText	20:6C3D	HISTORICAL	PASS2
_SilphCo4FScientistBattleText	20:6BF4	HISTORICAL	PASS2
_SilphCo4FScientistEndBattleText	20:6C1F	HISTORICAL	PASS2
_SilphCo4FSilphWorkerMImHidingText	20:6B42	HISTORICAL	PASS2
_SilphCo4FSilphWorkerMTeamRocketIsGoneText	20:6B69	HISTORICAL	PASS2
_SilphCo5FRocket1BattleText	20:6D39	HISTORICAL	PASS2
_SilphCo5FRocket1EndBattleText	20:6D69	HISTORICAL	PASS2
_SilphCo5FSilphWorkerMThatsYouRightText	20:6CC9	HISTORICAL	PASS2
_SilphCo5FSilphWorkerMYoureOurHeroText	20:6D0C	HISTORICAL	PASS2
_SilphCo6FRocket1BattleText	21:436D	CONFIRMED	PASS5
_SilphCo7FRocket2BattleText	21:4876	CONFIRMED	PASS5
_SilphCo8FRocket2BattleText	21:4C74	CONFIRMED	PASS5
_SilphCo9FRocket2BattleText	21:4DF7	CONFIRMED	PASS5
_Thanks1Text	2A:413B	CONFIRMED	PASS5
_Thanks2Text	2A:41E6	CONFIRMED	PASS5
_Thanks3Text	2A:428B	CONFIRMED	PASS5
_TradeCenterOpponentText	25:4BC1	CONFIRMED	PASS5
_TrainerNameText	20:4045	HISTORICAL	PASS2
_TurnedOnPC1Text	22:610D	CONFIRMED	PASS5
_TurnedOnPC2Text	22:61C4	CONFIRMED	PASS5
_UnaffectedText	22:5C6A	CONFIRMED	PASS5
_VermilionDockUnusedText	27:4561	CONFIRMED	PASS5
_VermilionGymLTSurgeTM24NoRoomText	27:4136	CONFIRMED	PASS5
_VermilionGymSuperNerdEndBattleText	27:4253	CONFIRMED	PASS5
_VermilionOldRodHouseFishingGuruNoRoomText	27:469E	CONFIRMED	PASS5
_VictoryRoad2FSuperNerd1EndBattleText	23:512A	CONFIRMED	PASS5
_VictoryRoad3FCooltrainerF1AfterBattleText	20:6044	HISTORICAL	PASS2
_VictoryRoad3FCooltrainerF1BattleText	20:6018	HISTORICAL	PASS2
_VictoryRoad3FCooltrainerF1EndBattleText	20:6032	HISTORICAL	PASS2
_VictoryRoad3FCooltrainerF2AfterBattleText	20:612F	HISTORICAL	PASS2
_VictoryRoad3FCooltrainerF2BattleText	20:60DC	HISTORICAL	PASS2
_VictoryRoad3FCooltrainerF2EndBattleText	20:611A	HISTORICAL	PASS2
_VictoryRoad3FCooltrainerM1AfterBattleText	20:5FF2	HISTORICAL	PASS2
_VictoryRoad3FCooltrainerM1BattleText	20:5FAB	HISTORICAL	PASS2
_VictoryRoad3FCooltrainerM1EndBattleText	20:5FDD	HISTORICAL	PASS2
_VictoryRoad3FCooltrainerM2AfterBattleText	20:60A0	HISTORICAL	PASS2
_VictoryRoad3FCooltrainerM2BattleText	20:6066	HISTORICAL	PASS2
_VictoryRoad3FCooltrainerM2EndBattleText	20:6089	HISTORICAL	PASS2
_ViridianForestLeavingSignText	20:4705	HISTORICAL	PASS2
_ViridianForestTrainerTips1Text	20:4584	HISTORICAL	PASS2
_ViridianForestTrainerTips2Text	20:4603	HISTORICAL	PASS2
_ViridianForestTrainerTips3Text	20:4653	HISTORICAL	PASS2
_ViridianForestTrainerTips4Text	20:46A7	HISTORICAL	PASS2
_ViridianForestUseAntidoteSignText	20:45C5	HISTORICAL	PASS2
_ViridianForestYoungster1Text	20:4367	HISTORICAL	PASS2
_ViridianForestYoungster2AfterBattleText	20:43ED	HISTORICAL	PASS2
_ViridianForestYoungster2BattleText	20:43A1	HISTORICAL	PASS2
_ViridianForestYoungster2EndBattleText	20:43CD	HISTORICAL	PASS2
_ViridianForestYoungster3AfterBattleText	20:446B	HISTORICAL	PASS2
_ViridianForestYoungster3BattleText	20:441C	HISTORICAL	PASS2
_ViridianForestYoungster3EndBattleText	20:444D	HISTORICAL	PASS2
_ViridianForestYoungster4AfterBattleText	20:44DB	HISTORICAL	PASS2
_ViridianForestYoungster4BattleText	20:4497	HISTORICAL	PASS2
_ViridianForestYoungster4EndBattleText	20:44BA	HISTORICAL	PASS2
_ViridianForestYoungster5Text	20:452A	HISTORICAL	PASS2
_ViridianGymGiovanniTM27NoRoomText	25:6394	CONFIRMED	PASS5
_ViridianGymHiker2EndBattleText	25:6533	CONFIRMED	PASS5
_ViridianSchoolBlackboardText2	22:525E	CONFIRMED	PASS5
_VitaminNoEffectText	29:6AA3	CONFIRMED	PASS5
_AfterTrade1Text	2A:414A	CONFIRMED	PASS6.5
_AfterTrade2Text	2A:41EF	CONFIRMED	PASS6.5
_AfterTrade3Text	2A:429A	CONFIRMED	PASS6.5
_AgathaAfterBattleText	21:6B2B	CONFIRMED	PASS6.5
_BadlyPoisonedText	25:480A	CONFIRMED	PASS6.5
_BillsHouseMonitorText	22:4AA9	CONFIRMED	PASS6.5
_BillsHousePokemonListText1	22:4B06	CONFIRMED	PASS6.5
_BluesHouseDaisyWalkingText	25:4E08	CONFIRMED	PASS6.5
_BluesHouseTownMapText	25:4E45	CONFIRMED	PASS6.5
_BoxIsFullText	29:4216	CONFIRMED	PASS6.5
_BrunoAfterBattleText	21:69A9	CONFIRMED	PASS6.5
_ButItFailedText	25:499C	CONFIRMED	PASS6.5
_CableClubNPCMakingPreparationsText	29:400E	CONFIRMED	PASS6.5
_CableClubNPCPleaseApplyHereHaveToSaveText	28:6A21	CONFIRMED	PASS6.5
_CableClubNPCWelcomeText	28:6A04	CONFIRMED	PASS6.5
_CantDepositLastMonText	22:638D	CONFIRMED	PASS6.5
_CantTakeMonText	22:640B	CONFIRMED	PASS6.5
_CardKeyFailText	20:4027	CONFIRMED	PASS6.5
_CardKeySuccessText2	20:400A	CONFIRMED	PASS6.5
_CeladonCityPokecenterGuyText	22:457B	CONFIRMED	PASS6.5
_CeladonGymErikaPostBattleAdviceText	27:54D0	CONFIRMED	PASS6.5
_CeladonPokecenterGentlemanText	27:52C6	CONFIRMED	PASS6.5
_CeruleanBadgeHouseBoulderBadgeText	26:5222	CONFIRMED	PASS6.5
_CeruleanBadgeHouseMiddleAgedManText	26:514E	CONFIRMED	PASS6.5
_CeruleanBadgeHouseMiddleAgedManVisitAnyTimeText	26:5203	CONFIRMED	PASS6.5
_CeruleanCityRivalDefeatedText	29:4E68	CONFIRMED	PASS6.5
_CeruleanCityRivalIWentToBillsText	29:4EA8	CONFIRMED	PASS6.5
_CeruleanCityRivalPreBattleText	29:4DCA	CONFIRMED	PASS6.5
_CeruleanGymGymGuideBeatMistyText	26:4E53	CONFIRMED	PASS6.5
_CeruleanGymGymGuideChampInMakingText	26:4DA3	CONFIRMED	PASS6.5
_CeruleanGymMistyTM11ExplanationText	26:4AFA	CONFIRMED	PASS6.5
_CeruleanPokecenterGuyText	22:437F	CONFIRMED	PASS6.5
_ChampionsRoomOakDisappointedWithRivalText	21:65D9	CONFIRMED	PASS6.5
_CinnabarGymBlainePostBattleAdviceText	28:491F	CONFIRMED	PASS6.5
_CinnabarGymGymGuideBeatBlaineText	28:4EB1	CONFIRMED	PASS6.5
_CinnabarGymGymGuideChampInMakingText	28:4E04	CONFIRMED	PASS6.5
_CinnabarPokecenterGuyText	22:460F	CONFIRMED	PASS6.5
_ConnectCableText	2A:4095	CONFIRMED	PASS6.5
_ConvertedTypeText	25:4AB2	CONFIRMED	PASS6.5
_CurrentTooFastText	29:4071	CONFIRMED	PASS6.5
_CyclingIsFunText	29:408E	CONFIRMED	PASS6.5
_DexCompletionText	25:59B1	CONFIRMED	PASS6.5
_DexRatingText_Own150To151	25:5D79	CONFIRMED	PASS6.5
_DexSeenOwnedText	22:425F	CONFIRMED	PASS6.5
_DiglettSculptureText	22:576C	CONFIRMED	PASS6.5
_DoYouWantToNicknameText	22:6859	CONFIRMED	PASS6.5
_ElevatorText	22:5788	CONFIRMED	PASS6.5
_FightingDojoKarateMasterDefeatedText	28:595F	CONFIRMED	PASS6.5
_FightingDojoKarateMasterText	28:5903	CONFIRMED	PASS6.5
_FlashLightsAreaText	29:40C2	CONFIRMED	PASS6.5
_FuchsiaCityPokecenterGuyText	22:45B3	CONFIRMED	PASS6.5
_FuchsiaGymGymGuideBeatKogaText	28:45AA	CONFIRMED	PASS6.5
_FuchsiaGymGymGuideChampInMakingText	28:4501	CONFIRMED	PASS6.5
_FuchsiaGymKogaPostBattleAdviceText	28:4000	CONFIRMED	PASS6.5
_GameCornerCoinCaseText	22:4C74	CONFIRMED	PASS6.5
_GameCornerGymGuideChampInMakingText	27:5C68	CONFIRMED	PASS6.5
_GameCornerGymGuideTheyOfferRarePokemonText	27:5D07	CONFIRMED	PASS6.5
_GameCornerNoCoinsText	22:4C92	CONFIRMED	PASS6.5
_GameCornerOutOfOrderText	22:4CA4	CONFIRMED	PASS6.5
_GameCornerOutToLunchText	22:4CBC	CONFIRMED	PASS6.5
_GameCornerSomeonesKeysText	22:4CD6	CONFIRMED	PASS6.5
_GameOverText	22:484C	CONFIRMED	PASS6.5
_GetOutText	22:5ABE	CONFIRMED	PASS6.5
_GymStatueText1	22:4282	CONFIRMED	PASS6.5
_GymStatueText2	22:42B4	CONFIRMED	PASS6.5
_HallOfFameOakText	21:60E8	CONFIRMED	PASS6.5
_HitXTimesText	22:5D7F	CONFIRMED	PASS6.5
_IndigoPlateauStatuesText1	22:56CE	CONFIRMED	PASS6.5
_IndigoPlateauStatuesText2	22:56DD	CONFIRMED	PASS6.5
_IndigoPlateauStatuesText3	22:571C	CONFIRMED	PASS6.5
_IntroducePlayerText	22:6756	CONFIRMED	PASS6.5
_IntroduceRivalText	22:6778	CONFIRMED	PASS6.5
_ItemUseBallText01	29:696B	CONFIRMED	PASS6.5
_ItemUseBallText02	29:6983	CONFIRMED	PASS6.5
_ItemUseBallText03	29:69A2	CONFIRMED	PASS6.5
_ItemUseBallText04	29:69C8	CONFIRMED	PASS6.5
_ItemfinderFoundItemText	29:6B6B	CONFIRMED	PASS6.5
_ItemfinderFoundNothingText	29:6BA0	CONFIRMED	PASS6.5
_LancesRoomLanceEndBattleText	21:5F88	CONFIRMED	PASS6.5
_LavenderPokecenterGuyText	22:43B2	CONFIRMED	PASS6.5
_LinkCableInfoText1	22:5162	CONFIRMED	PASS6.5
_LinkCableInfoText2	22:51C3	CONFIRMED	PASS6.5
_LinkCableInfoText3	22:51EB	CONFIRMED	PASS6.5
_LoreleisRoomLoreleiAfterBattleText	21:684A	CONFIRMED	PASS6.5
_MimicLearnedMoveText	25:494A	CONFIRMED	PASS6.5
_MonIsTakenOutText	22:63CE	CONFIRMED	PASS6.5
_MultiHitText	22:5A83	CONFIRMED	PASS6.5
_NeedYourPokemonText	28:6977	CONFIRMED	PASS6.5
_NewBadgeRequiredText	29:4164	CONFIRMED	PASS6.5
_NoMonText	22:63EE	CONFIRMED	PASS6.5
_NoRunningText	22:59A5	CONFIRMED	PASS6.5
_NoSurfingHereText	29:6D82	CONFIRMED	PASS6.5
_NoTrade1Text	2A:40F7	CONFIRMED	PASS6.5
_NothingToCutText	2A:42DD	CONFIRMED	PASS6.5
_OakSpeechText1	22:663C	CONFIRMED	PASS6.5
_OakSpeechText2B	22:66D9	CONFIRMED	PASS6.5
_OakSpeechText3	22:67E6	CONFIRMED	PASS6.5
_OaksLabRivalGoAheadAndChooseText	25:4E84	CONFIRMED	PASS6.5
_OaksLabRivalGrampsIsntAroundText	25:4E62	CONFIRMED	PASS6.5
_OaksLabRivalMyPokemonLooksStrongerText	25:4EC6	CONFIRMED	PASS6.5
_OaksLabRivalSmellYouLaterText	25:5650	CONFIRMED	PASS6.5
_OaksLabScientistText	25:5978	CONFIRMED	PASS6.5
_PalletTownGirlText	29:431C	CONFIRMED	PASS6.5
_PalletTownSignText	29:43EC	CONFIRMED	PASS6.5
_ParalyzedMayNotAttackText	25:49D2	CONFIRMED	PASS6.5
_PartyMenuBattleText	22:5FE2	CONFIRMED	PASS6.5
_PartyMenuNormalText	22:5FB3	CONFIRMED	PASS6.5
_PartyMenuUseTMText	22:5FF8	CONFIRMED	PASS6.5
_PewterCityPokecenterGuyText	22:4329	CONFIRMED	PASS6.5
_PewterCityYoungsterGoTakeOnBrockText	29:4C34	CONFIRMED	PASS6.5
_PewterCityYoungsterYoureATrainerFollowMeText	29:4BF0	CONFIRMED	PASS6.5
_PewterGymBrockPostBattleAdviceText	26:4000	CONFIRMED	PASS6.5
_PewterGymGuideAdviceText	26:444B	CONFIRMED	PASS6.5
_PewterGymGuideFreeServiceText	26:44C8	CONFIRMED	PASS6.5
_PewterGymGuidePostBattleText	26:44F5	CONFIRMED	PASS6.5
_PewterGymGuidePreAdviceText	26:439C	CONFIRMED	PASS6.5
_PewterPokecenterJigglypuffText	26:47B3	CONFIRMED	PASS6.5
_PlayerBlackedOutText2	22:58FA	CONFIRMED	PASS6.5
_PokemartBoughtItemText	28:6710	CONFIRMED	PASS6.5
_PokemartBuyingGreetingText	28:66DD	CONFIRMED	PASS6.5
_PokemartNotEnoughMoneyText	28:6724	CONFIRMED	PASS6.5
_PokemartUnsellableItemText	28:67A8	CONFIRMED	PASS6.5
_PokemonCenterWelcomeText	28:691A	CONFIRMED	PASS6.5
_PokemonFightingFitText	28:6993	CONFIRMED	PASS6.5
_PokemonStuffText	22:57AD	CONFIRMED	PASS6.5
_PokemonTower2FRivalDefeatedText	26:569B	CONFIRMED	PASS6.5
_PokemonTower2FRivalHowsYourDexText	26:56F7	CONFIRMED	PASS6.5
_PokemonTower5FPurifiedZoneText	26:5B2C	CONFIRMED	PASS6.5
_PokemonTower6FBeGoneText	26:5CA8	CONFIRMED	PASS6.5
_PowerPlantVoltorbBattleText	23:461C	CONFIRMED	PASS6.5
_RedBedroomSNESText	22:504D	CONFIRMED	PASS6.5
_RedsHouse1FMomLookingGreatText	25:4C72	CONFIRMED	PASS6.5
_RedsHouse1FMomWakeUpText	25:4BC7	CONFIRMED	PASS6.5
_RedsHouse1FMomYouShouldRestText	25:4C4C	CONFIRMED	PASS6.5
_Rival1WinText	22:58D8	CONFIRMED	PASS6.5
_RockTunnelPokecenterGuyText	22:441F	CONFIRMED	PASS6.5
_Route11Gate2FOaksAideItemfinderDescriptionText	23:46BB	CONFIRMED	PASS6.5
_Route12SnorlaxCalmedDownText	24:4106	CONFIRMED	PASS6.5
_Route15Gate2FOaksAideExpAllText	23:4BDF	CONFIRMED	PASS6.5
_Route22GateGuardICantLetYouPassText	23:502F	CONFIRMED	PASS6.5
_Route22Rival1DefeatedText	24:663A	CONFIRMED	PASS6.5
_Route22RivalAfterBattleText1	24:65AF	CONFIRMED	PASS6.5
_Route22RivalBeforeBattleText1	24:64FE	CONFIRMED	PASS6.5
_Route2GateOaksAideFlashExplanationText	22:6A58	CONFIRMED	PASS6.5
_Route9Youngster1EndBattleText	23:65BC	CONFIRMED	PASS6.5
_SaffronCityPokecenterGuyText1	22:469F	CONFIRMED	PASS6.5
_SaffronCityPokecenterGuyText2	22:46EE	CONFIRMED	PASS6.5
_SaffronGateGuardGeeImThirstyText	22:6CD1	CONFIRMED	PASS6.5
_SaffronGymGuideBeatSabrinaText	28:5FA6	CONFIRMED	PASS6.5
_SaffronGymGuideChampInMakingText	28:5EE8	CONFIRMED	PASS6.5
_SaffronGymSabrinaPostBattleAdviceText	28:5D82	CONFIRMED	PASS6.5
_SentToBoxText	29:41CB	CONFIRMED	PASS6.5
_ShallWeHealYourPokemonText	28:6956	CONFIRMED	PASS6.5
_ShroudedInMistText	25:4B81	CONFIRMED	PASS6.5
_SilphCo11FSilphPresidentMasterBallDescriptionText	21:5053	CONFIRMED	PASS6.5
_SilphCo11FSilphPresidentText	21:4F5E	CONFIRMED	PASS6.5
_StoppedEvolvingText	25:479E	CONFIRMED	PASS6.5
_SubstituteText	25:49F5	CONFIRMED	PASS6.5
_SurfingGotOnText	29:6A63	CONFIRMED	PASS6.5
_SurfingNoPlaceToGetOffText	29:6A75	CONFIRMED	PASS6.5
_ThrowBallAtTrainerMonText1	29:6D2D	CONFIRMED	PASS6.5
_ThrowBallAtTrainerMonText2	29:6D50	CONFIRMED	PASS6.5
_TradeForText	22:4112	CONFIRMED	PASS6.5
_TradeTakeCareText	22:415F	CONFIRMED	PASS6.5
_TrainerDefeatedText	22:58A1	CONFIRMED	PASS6.5
_TransformedText	25:4B31	CONFIRMED	PASS6.5
_UseNextMonText	22:58C6	CONFIRMED	PASS6.5
_VermilionCitySailor1FlashedTicketText	29:5888	CONFIRMED	PASS6.5
_VermilionCitySailor1ShipSetSailText	29:5910	CONFIRMED	PASS6.5
_VermilionCitySailor1YouNeedATicketText	29:58BD	CONFIRMED	PASS6.5
_VermilionGymGymGuideBeatLTSurgeText	27:4467	CONFIRMED	PASS6.5
_VermilionGymGymGuideChampInMakingText	27:434D	CONFIRMED	PASS6.5
_VermilionGymLTSurgePostBattleAdviceText	27:4000	CONFIRMED	PASS6.5
_VermilionGymTrashText	22:5503	CONFIRMED	PASS6.5
_VermilionPokecenterGuyText	22:44E0	CONFIRMED	PASS6.5
_ViridianCityPokecenterGuyText	22:42E8	CONFIRMED	PASS6.5
_ViridianGymGuidePostBattleText	25:681D	CONFIRMED	PASS6.5
_ViridianGymGuidePreBattleText	25:6768	CONFIRMED	PASS6.5
_WannaTrade1Text	2A:40CE	CONFIRMED	PASS6.5
_WildMonAppearedText	22:5DF0	CONFIRMED	PASS6.5
_WrongMon1Text	2A:4107	CONFIRMED	PASS6.5
