symbol	usa	candidate	score	best_score	best	classification	pass3_classification	structural_score	rom_score	total_score	reasons
_AgathasRoomAgathaDontRunAwayText	21:69FD	21:69EA	45	45	YES	STILL_AMBIGUOUS	STILL_AMBIGUOUS	160	80	240	after-prev;reasonable-prev-ratio
_AgathasRoomAgathaDontRunAwayText	21:69FD	21:6B9D	45	45	YES	STILL_AMBIGUOUS	STILL_AMBIGUOUS	160	80	240	after-prev;reasonable-prev-ratio
_AgathasRoomAgathaDontRunAwayText	21:69FD	21:68B4	45	45	YES	STILL_AMBIGUOUS	STILL_AMBIGUOUS	140	80	220	after-prev;reasonable-prev-ratio
_BecameConfusedText	25:4878	25:493C	45	45	YES	STILL_AMBIGUOUS	HIGH_CONFIDENCE	180	80	260	after-prev;reasonable-prev-ratio
_BikeShopBagFullText	26:4F4D	26:4FDD	45	45	YES	STILL_AMBIGUOUS	HIGH_CONFIDENCE	160	80	240	after-prev;reasonable-prev-ratio
_BookcaseText	22:46C9	22:4762	45	45	YES	STILL_AMBIGUOUS	HIGH_CONFIDENCE	160	80	240	after-prev;reasonable-prev-ratio
_BrunosRoomBrunoDontRunAwayText	21:684B	21:68B4	45	45	YES	STILL_AMBIGUOUS	STILL_AMBIGUOUS	160	80	240	after-prev;reasonable-prev-ratio
_BrunosRoomBrunoDontRunAwayText	21:684B	21:69EA	45	45	YES	STILL_AMBIGUOUS	STILL_AMBIGUOUS	160	80	240	after-prev;reasonable-prev-ratio
_BrunosRoomBrunoDontRunAwayText	21:684B	21:6B9D	45	45	YES	STILL_AMBIGUOUS	STILL_AMBIGUOUS	160	80	240	after-prev;reasonable-prev-ratio
_CableClubNPCPleaseComeAgainText	29:4000	28:69C0	45	45	YES	STILL_AMBIGUOUS	STILL_AMBIGUOUS	50	80	130	after-prev;reasonable-prev-ratio
_CableClubNPCPleaseComeAgainText	29:4000	29:4000	45	45	YES	STILL_AMBIGUOUS	STILL_AMBIGUOUS	50	80	130	after-prev;reasonable-prev-ratio
_CantCarryMoreText	22:60A9	22:62B1	45	45	YES	STILL_AMBIGUOUS	HIGH_CONFIDENCE	160	80	240	after-prev;reasonable-prev-ratio
_CeladonCityGramps3TM41NoRoomText	29:5BB8	29:5D24	45	45	YES	STILL_AMBIGUOUS	PLAUSIBLE	140	80	220	after-prev;reasonable-prev-ratio
_CeladonDinerGymGuideCoinCaseNoRoomText	27:6090	27:6213	45	45	YES	STILL_AMBIGUOUS	HIGH_CONFIDENCE	160	80	240	after-prev;reasonable-prev-ratio
_CeladonMart3FClerkTM18NoRoomText	27:48AA	27:491F	45	45	YES	STILL_AMBIGUOUS	PLAUSIBLE	140	80	220	after-prev;reasonable-prev-ratio
_CeladonMartRoofLittleGirlGiveHerADrinkText	27:4E16	27:4E9F	45	45	YES	STILL_AMBIGUOUS	STILL_AMBIGUOUS	140	80	220	after-prev;reasonable-prev-ratio
_CeladonMartRoofLittleGirlGiveHerADrinkText	27:4E16	27:4EC2	45	45	YES	STILL_AMBIGUOUS	STILL_AMBIGUOUS	140	80	220	after-prev;reasonable-prev-ratio
_CeladonMartRoofLittleGirlImThirstyText	27:4DEE	27:4E9F	45	45	YES	STILL_AMBIGUOUS	STILL_AMBIGUOUS	140	80	220	after-prev;reasonable-prev-ratio
_CeladonMartRoofLittleGirlImThirstyText	27:4DEE	27:4EC2	45	45	YES	STILL_AMBIGUOUS	STILL_AMBIGUOUS	140	80	220	after-prev;reasonable-prev-ratio
_CeruleanGymMistyTM11NoRoomText	26:4B90	26:4C36	45	45	YES	STILL_AMBIGUOUS	PLAUSIBLE	140	80	220	after-prev;reasonable-prev-ratio
_CinnabarGymSuperNerd2EndBattleText	28:4AF4	28:4B2E	45	45	YES	STILL_AMBIGUOUS	HIGH_CONFIDENCE	160	80	240	after-prev;reasonable-prev-ratio
_CinnabarLabFossilRoomScientist1GoForAWalkText	28:5156	28:5255	45	45	YES	STILL_AMBIGUOUS	STILL_AMBIGUOUS	160	80	240	after-prev;reasonable-prev-ratio
_CinnabarLabFossilRoomScientist1GoForAWalkText	28:5156	28:5366	45	45	YES	STILL_AMBIGUOUS	STILL_AMBIGUOUS	160	80	240	after-prev;reasonable-prev-ratio
_CinnabarLabFossilRoomScientist1GoForAWalkText2	28:528F	28:5255	45	45	YES	STILL_AMBIGUOUS	STILL_AMBIGUOUS	160	80	240	after-prev;reasonable-prev-ratio
_CinnabarLabFossilRoomScientist1GoForAWalkText2	28:528F	28:5366	45	45	YES	STILL_AMBIGUOUS	STILL_AMBIGUOUS	160	80	240	after-prev;reasonable-prev-ratio
_ColosseumOpponentText	25:4B04	25:4BC1	45	45	YES	STILL_AMBIGUOUS	STILL_AMBIGUOUS	180	80	260	after-prev;reasonable-prev-ratio
_ColosseumOpponentText	25:4B04	25:4BC4	45	45	YES	STILL_AMBIGUOUS	STILL_AMBIGUOUS	180	80	260	after-prev;reasonable-prev-ratio
_DepositHowManyText	22:5FF5	22:61FE	45	45	YES	STILL_AMBIGUOUS	HIGH_CONFIDENCE	180	80	260	after-prev;reasonable-prev-ratio
_DexRatingText	22:4267	22:427E	45	45	YES	STILL_AMBIGUOUS	HIGH_CONFIDENCE	180	80	260	after-prev;reasonable-prev-ratio
_DexRatingText	22:4267	22:4280	45	45	YES	STILL_AMBIGUOUS	STILL_AMBIGUOUS	160	80	240	after-prev;reasonable-prev-ratio
_DidntAffectText	25:48E7	25:49AE	45	45	YES	STILL_AMBIGUOUS	HIGH_CONFIDENCE	160	80	240	after-prev;reasonable-prev-ratio
_DoesntAffectMonText	22:5AB4	22:5C79	45	45	YES	STILL_AMBIGUOUS	HIGH_CONFIDENCE	160	80	240	after-prev;reasonable-prev-ratio
_ExclamationText	20:4093	20:40A4	120	120	YES	CONFIRMED	HIGH_CONFIDENCE	180	80	260	after-prev;before-next;same-neighbour-bank;reasonable-prev-ratio;reasonable-next-ratio;inside-resolved-interval
_FellText	25:47C9	25:4870	45	45	YES	STILL_AMBIGUOUS	STILL_AMBIGUOUS	160	80	240	after-prev;reasonable-prev-ratio
_FellText	25:47C9	25:4888	45	45	YES	STILL_AMBIGUOUS	STILL_AMBIGUOUS	160	80	240	after-prev;reasonable-prev-ratio
_FightingDojoBlackbelt1EndBattleText	28:59B7	28:5A4E	45	45	YES	STILL_AMBIGUOUS	HIGH_CONFIDENCE	180	80	260	after-prev;reasonable-prev-ratio
_FightingDojoText	22:4EF9	22:5018	45	45	YES	STILL_AMBIGUOUS	HIGH_CONFIDENCE	180	80	260	after-prev;reasonable-prev-ratio
_FrozenText	25:476D	25:4834	45	45	YES	STILL_AMBIGUOUS	HIGH_CONFIDENCE	180	80	260	after-prev;reasonable-prev-ratio
_FuchsiaCityPokemonText	29:5F96	29:6142	45	45	YES	STILL_AMBIGUOUS	HIGH_CONFIDENCE	160	80	240	after-prev;reasonable-prev-ratio
_FuchsiaGoodRodHouseFishingGuruNoRoomText	28:4782	28:47AD	45	45	YES	STILL_AMBIGUOUS	PLAUSIBLE	140	80	220	after-prev;reasonable-prev-ratio
_FuchsiaGymKogaTM06NoRoomText	28:4143	28:4160	45	45	YES	STILL_AMBIGUOUS	HIGH_CONFIDENCE	160	80	240	after-prev;reasonable-prev-ratio
_IsConfusedText	22:597E	22:5B4E	45	45	YES	STILL_AMBIGUOUS	HIGH_CONFIDENCE	160	80	240	after-prev;reasonable-prev-ratio
_IsFrozenText	22:5920	22:5AF7	45	45	YES	STILL_AMBIGUOUS	HIGH_CONFIDENCE	180	80	260	after-prev;reasonable-prev-ratio
_IsUnaffectedText	25:48FB	25:49C3	45	45	YES	STILL_AMBIGUOUS	HIGH_CONFIDENCE	160	80	240	after-prev;reasonable-prev-ratio
_ItemUseNoEffectText	29:6AE9	29:6D14	45	45	YES	STILL_AMBIGUOUS	HIGH_CONFIDENCE	180	80	260	after-prev;reasonable-prev-ratio
_LinkCableHelpText2	22:5027	22:5146	45	45	YES	STILL_AMBIGUOUS	HIGH_CONFIDENCE	160	80	240	after-prev;reasonable-prev-ratio
_LoreleisRoomLoreleiDontRunAwayText	21:6729	21:68B4	45	45	YES	STILL_AMBIGUOUS	STILL_AMBIGUOUS	160	80	240	after-prev;reasonable-prev-ratio
_LoreleisRoomLoreleiDontRunAwayText	21:6729	21:69EA	45	45	YES	STILL_AMBIGUOUS	STILL_AMBIGUOUS	160	80	240	after-prev;reasonable-prev-ratio
_MtMoon1FCooltrainerF1EndBattleText	20:4778	20:4835	120	120	YES	CONFIRMED	HIGH_CONFIDENCE	160	80	240	after-prev;before-next;same-neighbour-bank;reasonable-prev-ratio;reasonable-next-ratio;inside-resolved-interval
_MtMoonB1FUnusedText	20:495C	20:4A2F	120	120	YES	CONFIRMED	HIGH_CONFIDENCE	160	80	240	after-prev;before-next;same-neighbour-bank;reasonable-prev-ratio;reasonable-next-ratio;inside-resolved-interval
_MtMoonPokecenterClipboardText	22:6A5A	22:6CCF	45	45	YES	STILL_AMBIGUOUS	HIGH_CONFIDENCE	180	80	260	after-prev;reasonable-prev-ratio
_Museum1FScientist2YouDontHaveSpaceText	25:67C9	25:6AF5	45	45	YES	STILL_AMBIGUOUS	PLAUSIBLE	140	80	220	after-prev;reasonable-prev-ratio
_OaksLabOak2Text	25:5268	25:53A2	45	45	YES	STILL_AMBIGUOUS	HIGH_CONFIDENCE	160	80	240	after-prev;reasonable-prev-ratio
_PalletTownRivalsHouseSignText	29:43C1	29:4427	45	45	YES	STILL_AMBIGUOUS	STILL_AMBIGUOUS	180	80	260	after-prev;reasonable-prev-ratio
_PalletTownRivalsHouseSignText	29:43C1	29:4432	45	45	YES	STILL_AMBIGUOUS	STILL_AMBIGUOUS	180	80	260	after-prev;reasonable-prev-ratio
_PewterGymTM34NoRoomText	26:41AB	26:41C9	45	45	YES	STILL_AMBIGUOUS	HIGH_CONFIDENCE	160	80	240	after-prev;reasonable-prev-ratio
_PokemartItemBagFullText	28:6670	28:673F	45	45	YES	STILL_AMBIGUOUS	HIGH_CONFIDENCE	160	80	240	after-prev;reasonable-prev-ratio
_PokemartThankYouText	28:670D	28:67CC	45	45	YES	STILL_AMBIGUOUS	HIGH_CONFIDENCE	160	80	240	after-prev;reasonable-prev-ratio
_PokemonBooksText	22:55C1	22:5750	45	45	YES	STILL_AMBIGUOUS	HIGH_CONFIDENCE	160	80	240	after-prev;reasonable-prev-ratio
_PokemonCenterFarewellText	28:6910	28:69C0	45	45	YES	STILL_AMBIGUOUS	HIGH_CONFIDENCE	160	80	240	after-prev;reasonable-prev-ratio
_PokemonFanClubBagFullText	26:6933	26:6963	45	45	YES	STILL_AMBIGUOUS	HIGH_CONFIDENCE	160	80	240	after-prev;reasonable-prev-ratio
_PokemonMansion1FScientistEndBattleText	28:47D5	28:47F8	45	45	YES	STILL_AMBIGUOUS	HIGH_CONFIDENCE	160	80	240	after-prev;reasonable-prev-ratio
_PokemonMansion1FSwitchNotPressedText	28:4834	28:4863	45	45	YES	STILL_AMBIGUOUS	HIGH_CONFIDENCE	180	80	260	after-prev;reasonable-prev-ratio
_PokemonMansion1FSwitchText	28:480A	28:4829	45	45	YES	STILL_AMBIGUOUS	HIGH_CONFIDENCE	160	80	240	after-prev;reasonable-prev-ratio
_PokemonMansion2FSwitchNotPressedText	21:53F1	21:5509	45	45	YES	STILL_AMBIGUOUS	HIGH_CONFIDENCE	180	80	260	after-prev;reasonable-prev-ratio
_PokemonMansion2FSwitchText	21:53C7	21:54CF	45	45	YES	STILL_AMBIGUOUS	PLAUSIBLE	140	80	220	after-prev;reasonable-prev-ratio
_PokemonMansion3FSuperNerdEndBattleText	21:541C	21:5532	45	45	YES	STILL_AMBIGUOUS	HIGH_CONFIDENCE	180	80	260	after-prev;reasonable-prev-ratio
_PokemonMansionB1FBurglarEndBattleText	21:54F7	21:5612	45	45	YES	STILL_AMBIGUOUS	HIGH_CONFIDENCE	180	80	260	after-prev;reasonable-prev-ratio
_PokemonTower5FChanneler2AfterBattleText	26:59C3	26:5A5C	45	45	YES	STILL_AMBIGUOUS	HIGH_CONFIDENCE	180	80	260	after-prev;reasonable-prev-ratio
_PokemonTower5FChanneler2AfterBattleText	26:59C3	26:5A9B	45	45	YES	STILL_AMBIGUOUS	STILL_AMBIGUOUS	160	80	240	after-prev;reasonable-prev-ratio
_PokemonTower5FChanneler3AfterBattleText	26:5A0C	26:5A9B	45	45	YES	STILL_AMBIGUOUS	HIGH_CONFIDENCE	180	80	260	after-prev;reasonable-prev-ratio
_PokemonTower5FChanneler3AfterBattleText	26:5A0C	26:5A5C	45	45	YES	STILL_AMBIGUOUS	STILL_AMBIGUOUS	160	80	240	after-prev;reasonable-prev-ratio
_PokemonTower7FRocket1EndBattleText	26:5D56	26:5DF2	45	45	YES	STILL_AMBIGUOUS	HIGH_CONFIDENCE	180	80	260	after-prev;reasonable-prev-ratio
_RockTunnel1FHiker3EndBattleText	23:4459	23:4474	45	45	YES	STILL_AMBIGUOUS	HIGH_CONFIDENCE	160	80	240	after-prev;reasonable-prev-ratio
_RockTunnelB1FCooltrainerF2EndBattleText	21:6C3F	21:6E1D	45	45	YES	STILL_AMBIGUOUS	HIGH_CONFIDENCE	160	80	240	after-prev;reasonable-prev-ratio
_RoseText	25:47AB	25:4870	45	45	YES	STILL_AMBIGUOUS	STILL_AMBIGUOUS	160	80	240	after-prev;reasonable-prev-ratio
_RoseText	25:47AB	25:4888	45	45	YES	STILL_AMBIGUOUS	STILL_AMBIGUOUS	160	80	240	after-prev;reasonable-prev-ratio
_Route11DiglettsCaveSignText	24:408F	24:4098	45	45	YES	STILL_AMBIGUOUS	HIGH_CONFIDENCE	180	80	260	after-prev;reasonable-prev-ratio
_Route12Gate2FBrunetteGirlTM39NoRoomText	23:493C	23:4953	45	45	YES	STILL_AMBIGUOUS	HIGH_CONFIDENCE	160	80	240	after-prev;reasonable-prev-ratio
_Route12SnorlaxText	24:409E	24:40A8	45	45	YES	STILL_AMBIGUOUS	HIGH_CONFIDENCE	180	80	260	after-prev;reasonable-prev-ratio
_Route12SnorlaxWokeUpText	24:40BF	24:40D0	45	45	YES	STILL_AMBIGUOUS	PLAUSIBLE	140	80	220	after-prev;reasonable-prev-ratio
_Route13CooltrainerF1EndBattleText	24:4466	24:44D7	45	45	YES	STILL_AMBIGUOUS	HIGH_CONFIDENCE	160	80	240	after-prev;reasonable-prev-ratio
_Route14CooltrainerM1EndBattleText	24:483F	24:48CE	45	45	YES	STILL_AMBIGUOUS	HIGH_CONFIDENCE	160	80	240	after-prev;reasonable-prev-ratio
_Route14CooltrainerM6EndBattleText	24:4A59	24:4AF2	45	45	YES	STILL_AMBIGUOUS	HIGH_CONFIDENCE	180	80	260	after-prev;reasonable-prev-ratio
_Route15CooltrainerF1EndBattleText	24:4C6E	24:4D02	45	45	YES	STILL_AMBIGUOUS	HIGH_CONFIDENCE	160	80	240	after-prev;reasonable-prev-ratio
_Route16FlyHouseBrunetteGirlHM02NoRoomText	23:4EBE	23:4EDD	45	45	YES	STILL_AMBIGUOUS	HIGH_CONFIDENCE	160	80	240	after-prev;reasonable-prev-ratio
_Route16SnorlaxWokeUpText	24:52A8	24:5364	45	45	YES	STILL_AMBIGUOUS	HIGH_CONFIDENCE	160	80	240	after-prev;reasonable-prev-ratio
_Route16Text7	24:5287	24:533C	45	45	YES	STILL_AMBIGUOUS	PLAUSIBLE	140	80	220	after-prev;reasonable-prev-ratio
_Route17Biker1EndBattleText	24:5375	24:5436	45	45	YES	STILL_AMBIGUOUS	HIGH_CONFIDENCE	160	80	240	after-prev;reasonable-prev-ratio
_Route19Swimmer4AfterBattleText	24:5A9E	24:5BE0	45	45	YES	STILL_AMBIGUOUS	STILL_AMBIGUOUS	160	80	240	after-prev;reasonable-prev-ratio
_Route19Swimmer4AfterBattleText	24:5A9E	24:5C12	45	45	YES	STILL_AMBIGUOUS	STILL_AMBIGUOUS	160	80	240	after-prev;reasonable-prev-ratio
_Route19Swimmer4BattleText	24:5A6F	24:5BE0	45	45	YES	STILL_AMBIGUOUS	STILL_AMBIGUOUS	160	80	240	after-prev;reasonable-prev-ratio
_Route19Swimmer4BattleText	24:5A6F	24:5C12	45	45	YES	STILL_AMBIGUOUS	STILL_AMBIGUOUS	160	80	240	after-prev;reasonable-prev-ratio
_Route24CooltrainerF1AfterBattleText	25:40BC	25:4081	45	45	YES	STILL_AMBIGUOUS	STILL_AMBIGUOUS	160	80	240	after-prev;reasonable-prev-ratio
_Route24CooltrainerF1AfterBattleText	25:40BC	25:40E1	45	45	YES	STILL_AMBIGUOUS	STILL_AMBIGUOUS	160	80	240	after-prev;reasonable-prev-ratio
_Route24CooltrainerF1AfterBattleText	25:40BC	25:4141	45	45	YES	STILL_AMBIGUOUS	STILL_AMBIGUOUS	160	80	240	after-prev;reasonable-prev-ratio
_Route24CooltrainerF2AfterBattleText	25:4163	25:4141	45	45	YES	STILL_AMBIGUOUS	STILL_AMBIGUOUS	160	80	240	after-prev;reasonable-prev-ratio
_Route24CooltrainerF2AfterBattleText	25:4163	25:41A0	45	45	YES	STILL_AMBIGUOUS	STILL_AMBIGUOUS	160	80	240	after-prev;reasonable-prev-ratio
_Route24CooltrainerF2AfterBattleText	25:4163	25:424F	45	45	YES	STILL_AMBIGUOUS	STILL_AMBIGUOUS	160	80	240	after-prev;reasonable-prev-ratio
_Route24CooltrainerM3AfterBattleText	25:4072	25:4081	45	45	YES	STILL_AMBIGUOUS	STILL_AMBIGUOUS	160	80	240	after-prev;reasonable-prev-ratio
_Route24CooltrainerM3AfterBattleText	25:4072	25:40E1	45	45	YES	STILL_AMBIGUOUS	STILL_AMBIGUOUS	160	80	240	after-prev;reasonable-prev-ratio
_Route24Youngster1AfterBattleText	25:4110	25:4141	45	45	YES	STILL_AMBIGUOUS	HIGH_CONFIDENCE	180	80	260	after-prev;reasonable-prev-ratio
_Route24Youngster1AfterBattleText	25:4110	25:40E1	45	45	YES	STILL_AMBIGUOUS	STILL_AMBIGUOUS	160	80	240	after-prev;reasonable-prev-ratio
_Route24Youngster1AfterBattleText	25:4110	25:41A0	45	45	YES	STILL_AMBIGUOUS	STILL_AMBIGUOUS	160	80	240	after-prev;reasonable-prev-ratio
_Route24Youngster2AfterBattleText	25:41FB	25:4141	45	45	YES	STILL_AMBIGUOUS	STILL_AMBIGUOUS	160	80	240	after-prev;reasonable-prev-ratio
_Route24Youngster2AfterBattleText	25:41FB	25:41A0	45	45	YES	STILL_AMBIGUOUS	STILL_AMBIGUOUS	160	80	240	after-prev;reasonable-prev-ratio
_Route24Youngster2AfterBattleText	25:41FB	25:424F	45	45	YES	STILL_AMBIGUOUS	STILL_AMBIGUOUS	160	80	240	after-prev;reasonable-prev-ratio
_Route2DiglettsCaveSignText	23:576A	23:5787	45	45	YES	STILL_AMBIGUOUS	HIGH_CONFIDENCE	160	80	240	after-prev;reasonable-prev-ratio
_Route5UndergroundPathSignText	23:5C07	23:5C67	45	45	YES	STILL_AMBIGUOUS	PLAUSIBLE	140	80	220	after-prev;reasonable-prev-ratio
_Route6UndergroundPathSignText	23:5E49	23:5EBB	45	45	YES	STILL_AMBIGUOUS	PLAUSIBLE	140	80	220	after-prev;reasonable-prev-ratio
_Route7UndergroundPathSignText	23:5E7A	23:5EE6	45	45	YES	STILL_AMBIGUOUS	PLAUSIBLE	140	80	220	after-prev;reasonable-prev-ratio
_Route8UndergroundSignText	23:6262	23:62E8	45	45	YES	STILL_AMBIGUOUS	PLAUSIBLE	140	80	220	after-prev;reasonable-prev-ratio
_SSAnneB1FRoomsSailor4EndBattleText	20:5C12	20:5E05	120	120	YES	CONFIRMED	HIGH_CONFIDENCE	160	80	240	after-prev;before-next;same-neighbour-bank;reasonable-prev-ratio;reasonable-next-ratio;inside-resolved-interval
_SSAnneBowSailor3EndBattleText	20:508E	20:51DC	120	120	YES	CONFIRMED	HIGH_CONFIDENCE	160	80	240	after-prev;before-next;same-neighbour-bank;reasonable-prev-ratio;reasonable-next-ratio;inside-resolved-interval
_SSAnneCaptainsRoomCaptainHM01NoRoomText	20:545D	20:5606	120	120	YES	CONFIRMED	HIGH_CONFIDENCE	160	80	240	after-prev;before-next;same-neighbour-bank;reasonable-prev-ratio;reasonable-next-ratio;inside-resolved-interval
_SafariZoneCenterRestHouseSignText	21:5807	21:5934	45	45	YES	STILL_AMBIGUOUS	HIGH_CONFIDENCE	180	80	260	after-prev;reasonable-prev-ratio
_SafariZoneCenterRestHouseSignText	21:5807	21:5845	45	45	YES	STILL_AMBIGUOUS	STILL_AMBIGUOUS	160	80	240	after-prev;reasonable-prev-ratio
_SafariZoneEastRestHouseSignText	21:55E0	21:5704	45	45	YES	STILL_AMBIGUOUS	STILL_AMBIGUOUS	160	80	240	after-prev;reasonable-prev-ratio
_SafariZoneEastRestHouseSignText	21:55E0	21:5769	45	45	YES	STILL_AMBIGUOUS	STILL_AMBIGUOUS	160	80	240	after-prev;reasonable-prev-ratio
_SafariZoneNorthRestHouseSignText	21:5646	21:5704	45	45	YES	STILL_AMBIGUOUS	HIGH_CONFIDENCE	180	80	260	after-prev;reasonable-prev-ratio
_SafariZoneNorthRestHouseSignText	21:5646	21:5769	45	45	YES	STILL_AMBIGUOUS	STILL_AMBIGUOUS	160	80	240	after-prev;reasonable-prev-ratio
_SafariZoneWestRestHouseSignText	21:5719	21:5769	45	45	YES	STILL_AMBIGUOUS	STILL_AMBIGUOUS	160	80	240	after-prev;reasonable-prev-ratio
_SafariZoneWestRestHouseSignText	21:5719	21:5845	45	45	YES	STILL_AMBIGUOUS	STILL_AMBIGUOUS	160	80	240	after-prev;reasonable-prev-ratio
_SafariZoneWestRestHouseSignText	21:5719	21:5934	45	45	YES	STILL_AMBIGUOUS	STILL_AMBIGUOUS	160	80	240	after-prev;reasonable-prev-ratio
_SafariZoneWestRestHouseSignText	21:5719	21:5704	45	45	YES	STILL_AMBIGUOUS	STILL_AMBIGUOUS	140	80	220	after-prev;reasonable-prev-ratio
_SaffronCityFightingDojoSignText	29:65A6	29:678F	45	45	YES	STILL_AMBIGUOUS	HIGH_CONFIDENCE	160	80	240	after-prev;reasonable-prev-ratio
_SaffronGymChanneler2EndBattleText	28:6091	28:613E	45	45	YES	STILL_AMBIGUOUS	HIGH_CONFIDENCE	160	80	240	after-prev;reasonable-prev-ratio
_SaffronGymYoungster3EndBattleText	28:61E4	28:6293	45	45	YES	STILL_AMBIGUOUS	PLAUSIBLE	140	80	220	after-prev;reasonable-prev-ratio
_SaffronGymYoungster4EndBattleText	28:62CA	28:6385	45	45	YES	STILL_AMBIGUOUS	HIGH_CONFIDENCE	160	80	240	after-prev;reasonable-prev-ratio
_SilphCo11FSilphPresidentNoRoomText	21:5013	21:50F1	45	45	YES	STILL_AMBIGUOUS	HIGH_CONFIDENCE	160	80	240	after-prev;reasonable-prev-ratio
_SilphCo3FRocketEndBattleText	20:671A	20:6A4B	120	120	YES	CONFIRMED	HIGH_CONFIDENCE	160	80	240	after-prev;before-next;same-neighbour-bank;reasonable-prev-ratio;reasonable-next-ratio;inside-resolved-interval
_SilphCo3FScientistEndBattleText	20:6785	20:6AD4	120	120	YES	CONFIRMED	HIGH_CONFIDENCE	160	80	240	after-prev;before-next;same-neighbour-bank;reasonable-prev-ratio;reasonable-next-ratio;inside-resolved-interval
_SilphCo4FRocket1EndBattleText	20:684B	20:6BBC	120	120	YES	CONFIRMED	HIGH_CONFIDENCE	160	80	240	after-prev;before-next;same-neighbour-bank;reasonable-prev-ratio;reasonable-next-ratio;inside-resolved-interval
_SilphCo6FRocket1BattleText	21:4306	21:436D	45	45	YES	STILL_AMBIGUOUS	PLAUSIBLE	140	80	220	after-prev;reasonable-prev-ratio
_SilphCo7FRocket2BattleText	21:47BE	21:4876	45	45	YES	STILL_AMBIGUOUS	PLAUSIBLE	140	80	220	after-prev;reasonable-prev-ratio
_SilphCo8FRocket2BattleText	21:4BB1	21:4C74	45	45	YES	STILL_AMBIGUOUS	PLAUSIBLE	140	80	220	after-prev;reasonable-prev-ratio
_SilphCo9FRocket2BattleText	21:4D33	21:4DF7	45	45	YES	STILL_AMBIGUOUS	PLAUSIBLE	140	80	220	after-prev;reasonable-prev-ratio
_Thanks1Text	2A:4155	2A:413B	45	45	YES	STILL_AMBIGUOUS	HIGH_CONFIDENCE	160	80	240	after-prev;reasonable-prev-ratio
_Thanks2Text	2A:4209	2A:41E6	45	45	YES	STILL_AMBIGUOUS	HIGH_CONFIDENCE	160	80	240	after-prev;reasonable-prev-ratio
_Thanks3Text	2A:42BC	2A:428B	45	45	YES	STILL_AMBIGUOUS	HIGH_CONFIDENCE	160	80	240	after-prev;reasonable-prev-ratio
_TossHowManyText	22:60E9	22:62EB	45	45	YES	STILL_AMBIGUOUS	HIGH_CONFIDENCE	180	80	260	after-prev;reasonable-prev-ratio
_TossHowManyText	22:60E9	22:6277	45	45	YES	STILL_AMBIGUOUS	STILL_AMBIGUOUS	160	80	240	after-prev;reasonable-prev-ratio
_TradeCenterOpponentText	25:4B01	25:4BC1	45	45	YES	STILL_AMBIGUOUS	STILL_AMBIGUOUS	180	80	260	after-prev;reasonable-prev-ratio
_TradeCenterOpponentText	25:4B01	25:4BC4	45	45	YES	STILL_AMBIGUOUS	STILL_AMBIGUOUS	180	80	260	after-prev;reasonable-prev-ratio
_TurnedOnPC1Text	22:5EFE	22:610D	45	45	YES	STILL_AMBIGUOUS	STILL_AMBIGUOUS	160	80	240	after-prev;reasonable-prev-ratio
_TurnedOnPC1Text	22:5EFE	22:61C4	45	45	YES	STILL_AMBIGUOUS	STILL_AMBIGUOUS	160	80	240	after-prev;reasonable-prev-ratio
_TurnedOnPC2Text	22:5FA9	22:610D	45	45	YES	STILL_AMBIGUOUS	STILL_AMBIGUOUS	160	80	240	after-prev;reasonable-prev-ratio
_TurnedOnPC2Text	22:5FA9	22:61C4	45	45	YES	STILL_AMBIGUOUS	STILL_AMBIGUOUS	160	80	240	after-prev;reasonable-prev-ratio
_UnaffectedText	22:5AA4	22:5C6A	45	45	YES	STILL_AMBIGUOUS	HIGH_CONFIDENCE	160	80	240	after-prev;reasonable-prev-ratio
_VermilionDockUnusedText	27:450E	27:4561	45	45	YES	STILL_AMBIGUOUS	HIGH_CONFIDENCE	160	80	240	after-prev;reasonable-prev-ratio
_VermilionGymLTSurgeTM24NoRoomText	27:4130	27:4136	45	45	YES	STILL_AMBIGUOUS	HIGH_CONFIDENCE	160	80	240	after-prev;reasonable-prev-ratio
_VermilionGymSuperNerdEndBattleText	27:4244	27:4253	45	45	YES	STILL_AMBIGUOUS	HIGH_CONFIDENCE	160	80	240	after-prev;reasonable-prev-ratio
_VermilionOldRodHouseFishingGuruNoRoomText	27:464C	27:469E	45	45	YES	STILL_AMBIGUOUS	PLAUSIBLE	140	80	220	after-prev;reasonable-prev-ratio
_VictoryRoad2FSuperNerd1EndBattleText	23:510F	23:512A	45	45	YES	STILL_AMBIGUOUS	HIGH_CONFIDENCE	160	80	240	after-prev;reasonable-prev-ratio
_ViridianGymGiovanniTM27NoRoomText	25:6104	25:6394	45	45	YES	STILL_AMBIGUOUS	HIGH_CONFIDENCE	160	80	240	after-prev;reasonable-prev-ratio
_ViridianGymHiker2EndBattleText	25:6285	25:6533	45	45	YES	STILL_AMBIGUOUS	HIGH_CONFIDENCE	160	80	240	after-prev;reasonable-prev-ratio
_ViridianSchoolBlackboardText2	22:514E	22:5146	45	45	YES	STILL_AMBIGUOUS	STILL_AMBIGUOUS	160	80	240	after-prev;reasonable-prev-ratio
_ViridianSchoolBlackboardText2	22:514E	22:525E	45	45	YES	STILL_AMBIGUOUS	STILL_AMBIGUOUS	160	80	240	after-prev;reasonable-prev-ratio
_VitaminNoEffectText	29:689E	29:6AA3	45	45	YES	STILL_AMBIGUOUS	HIGH_CONFIDENCE	160	80	240	after-prev;reasonable-prev-ratio
_WithdrawHowManyText	22:6073	22:6277	45	45	YES	STILL_AMBIGUOUS	HIGH_CONFIDENCE	180	80	260	after-prev;reasonable-prev-ratio
_WithdrawHowManyText	22:6073	22:61FE	45	45	YES	STILL_AMBIGUOUS	STILL_AMBIGUOUS	160	80	240	after-prev;reasonable-prev-ratio
